Country ISO3,Country Name,Indicator ID,Indicator,Subindicator Type,2002,2003,2004,2005,2006,2007,2008,2009,2010,2011,2013,2014,2015,2016,2017,2018,2019,2020,2021,2022,2023
AFG,Afghanistan,32416,Press Freedom Index,Total,35.5,40.17,28.25,39.17,44.25,56.5,59.25,54.25,51.67,74,62.64,62.93,62.56,62.25,60.54,62.72,63.45,62.3,59.81,38.27,39.75
AFG,Afghanistan,32417,Press Freedom Rank,Total,104,134,97,125,130,142,156,149,147,150,128,128,122,120,120,118,121,122,122,156,152
AGO,Angola,32416,Press Freedom Index,Total,30.17,28,26.5,18,21.5,26.5,29.5,36.5,28.5,58.43,62.2,63.5,62.16,60.11,59.58,61.65,65.04,66.08,65.94,57.17,48.3
AGO,Angola,32417,Press Freedom Rank,Total,93,97,91,76,91,91,116,119,104,132,130,124,123,123,125,121,109,106,103,99,125
ALB,Albania,32416,Press Freedom Index,Total,,6.5,11.5,14.17,18,25.5,16,21.75,21.5,34.44,69.12,70.08,71.23,70.08,70.08,70.51,70.16,69.75,69.41,56.41,57.86
ALB,Albania,32417,Press Freedom Rank,Total,,34,50,62,80,87,79,88,80,96,102,85,82,82,76,75,82,84,83,103,96
AND,Andorra,32416,Press Freedom Index,Total,,,,,,,,,,,93.18,93.18,80.13,80.13,78.97,77.79,75.37,76.77,76.68,68.79,75.05
AND,Andorra,32417,Press Freedom Rank,Total,,,,,,,,,,,5,5,32,33,35,37,37,37,39,53,37
ARE,United Arab Emirates,32416,Press Freedom Index,Total,,37,50.25,25.75,17.5,20.25,14.5,21.5,23.75,45,66.51,63.97,63.27,63.27,60.61,59.14,56.37,57.31,56.87,44.46,42.99
ARE,United Arab Emirates,32417,Press Freedom Rank,Total,,122,137,100,77,65,69,86,87,112,114,118,120,119,119,128,133,131,131,138,145
ARG,Argentina,32416,Press Freedom Index,Total,12,15.17,21.33,13.67,17.3,24.83,14.08,11.33,16.35,14,74.33,74.73,73.89,74.91,74.93,73.95,71.7,71.22,71.01,77.28,73.36
ARG,Argentina,32417,Press Freedom Rank,Total,42,67,79,59,76,82,68,47,55,48,54,55,57,54,50,52,57,64,69,29,40
ARM,Armenia,32416,Press Freedom Index,Total,,25.17,23.5,26,25.5,23.63,22.75,31.13,27.5,27,71.96,70.93,71.57,71.21,69.62,70.01,71.02,71.4,71.17,68.97,70.61
ARM,Armenia,32417,Press Freedom Rank,Total,,90,83,102,101,77,102,111,101,77,74,78,78,74,79,80,61,61,63,51,49
AUS,Australia,32416,Press Freedom Index,Total,3.5,9.25,9.5,6.5,9,8.79,6.25,3.13,5.38,4,84.76,83.09,82.97,82.16,83.98,84.54,83.45,79.79,80.21,73.77,78.24
AUS,Australia,32417,Press Freedom Rank,Total,12,50,41,31,35,28,28,16,18,30,26,28,25,25,19,19,21,26,25,39,27
AUT,Austria,32416,Press Freedom Index,Total,7.5,2.75,3.25,2.5,4.5,4.25,3.5,3,0.5,-8,90.6,89.99,89.15,86.82,86.53,85.96,84.67,84.22,83.66,76.74,77.3
AUT,Austria,32417,Press Freedom Rank,Total,27,16,17,16,16,16,14,13,7,5,12,12,7,11,11,11,16,18,17,31,29
AZE,Azerbaijan,32416,Press Freedom Index,Total,34.5,34.5,49.67,51,47,55.4,53.63,53.5,56.38,87.25,52.27,47.13,41.59,42.11,43.6,40.27,40.87,41.52,41.23,39.4,39.93
AZE,Azerbaijan,32417,Press Freedom Rank,Total,101,113,136,141,135,139,150,146,152,162,156,160,162,163,162,163,166,168,167,154,151
BDI,Burundi,32416,Press Freedom Index,Total,24.5,26.25,19,23,39.83,43.4,21,29,28.88,57.75,61.98,59.5,57.07,45.9,44.22,44.74,47.11,44.67,52.43,55.74,52.14
BDI,Burundi,32417,Press Freedom Rank,Total,72,92,73,90,125,127,94,103,108,130,132,142,145,156,160,159,159,160,147,107,114
BEL,Belgium,32416,Press Freedom Index,Total,3.5,1.17,4,4,4,1.5,3,2.5,4,-2,87.06,87.2,88.02,85.82,87.25,86.84,87.93,87.43,88.31,78.86,76.47
BEL,Belgium,32417,Press Freedom Rank,Total,13,7,22,18,14,5,7,11,14,20,21,23,15,13,9,7,9,12,11,23,31
BEN,Benin,32416,Press Freedom Index,Total,6,5.25,5.5,5.5,5.5,17,15,16,19,31,71.67,71.17,70.76,71.03,69.68,69.84,68.26,64.89,61.82,48.39,52.44
BEN,Benin,32417,Press Freedom Rank,Total,21,29,27,25,24,53,70,72,70,91,79,75,84,78,78,84,96,113,114,121,112
BFA,Burkina Faso,32416,Press Freedom Index,Total,27.75,18,16.25,19,16,21.5,13,15,15,23.33,76.3,75.55,76.21,77.34,76.15,76.67,75.47,76.53,76.83,73.12,67.64
BFA,Burkina Faso,32417,Press Freedom Rank,Total,85,76,64,78,70,68,63,57,49,69,46,52,46,42,42,41,36,38,37,41,58
BGD,Bangladesh,32416,Press Freedom Index,Total,43.75,46.5,62.5,61.25,48,53.17,42.7,37.33,42.5,57,57.99,57.42,57.05,54.06,51.64,51.38,49.26,50.63,50.29,36.63,35.31
BGD,Bangladesh,32417,Press Freedom Rank,Total,118,143,151,151,137,134,136,121,126,129,144,146,146,144,146,146,150,151,152,162,163
BGR,Bulgaria,32416,Press Freedom Index,Total,9.75,6.5,8,10.25,9,16.25,12.5,15.61,19,29,71.42,68.58,67.09,65.54,64.99,64.78,64.89,64.94,62.71,59.12,62.98
BGR,Bulgaria,32417,Press Freedom Rank,Total,38,34,36,48,36,51,59,68,71,81,87,100,106,113,109,111,111,111,112,91,71
BHR,Bahrain,32416,Press Freedom Index,Total,23,35.17,52.5,38.75,28,38,21.17,36.5,51.38,125,37.25,41.74,41.31,45.14,41.12,39.15,38.69,39.87,38.9,30.97,30.59
BHR,Bahrain,32417,Press Freedom Rank,Total,67,117,143,123,111,118,96,119,144,173,165,163,163,162,164,166,167,169,168,167,171
BIH,Bosnia and Herzegovina,32416,Press Freedom Index,Total,12.5,6.83,3.67,7,5,11.17,8,10.5,13.5,19.5,73.14,73.14,72.49,71.55,72.17,72.63,70.98,71.49,71.66,65.64,65.43
BIH,Bosnia and Herzegovina,32417,Press Freedom Rank,Total,43,37,21,33,19,34,36,39,47,59,68,66,66,68,65,62,63,58,58,67,64
BLR,Belarus,32416,Press Freedom Index,Total,52.17,52,54.1,61.33,57,63.63,58.33,59.5,57,99,51.65,52.18,52.02,45.68,47.57,47.41,48.34,50.25,49.18,39.62,37.17
BLR,Belarus,32417,Press Freedom Rank,Total,124,151,144,152,151,151,154,151,154,168,157,157,157,157,153,155,153,153,158,153,157
BLZ,Belize,32416,Press Freedom Index,Total,,,,,,,,,,,,82.95,81.46,79.39,76.57,75.45,72.5,72.5,72.39,70.67,70.49
BLZ,Belize,32417,Press Freedom Rank,Total,,,,,,,,,,,,29,30,36,41,47,53,53,53,47,51
BOL,Bolivia,32416,Press Freedom Index,Total,14.5,9.67,20,9.67,4.5,21.5,28.2,24.17,28.13,40,67.2,68.96,68.71,68.22,66.12,67.55,64.62,64.63,64.53,47.58,51.09
BOL,Bolivia,32417,Press Freedom Rank,Total,48,51,76,45,17,68,115,95,103,108,109,94,94,97,107,110,113,114,110,126,117
BRA,Brazil,32416,Press Freedom Index,Total,18.75,16.75,16.5,14.5,17.17,25.25,18,15.88,16.6,35.33,67.25,65.97,68.07,67.38,66.42,68.8,67.21,65.95,63.75,55.36,58.67
BRA,Brazil,32417,Press Freedom Rank,Total,54,71,66,63,75,84,82,71,58,99,108,111,99,104,103,102,105,107,111,110,92
BRN,Brunei Darussalam,32416,Press Freedom Index,Total,38,,,,,,,63.5,51,56.2,64.55,64.55,63.24,46.15,46.28,48.52,48.52,50.35,50.09,42.53,44.2
BRN,Brunei Darussalam,32417,Press Freedom Rank,Total,111,,,,,,,155,142,125,122,117,121,155,156,153,152,152,154,144,142
BTN,Bhutan,32416,Press Freedom Index,Total,90.75,77.33,55.83,51.5,25,37.17,15.5,15.75,17.75,24,71.58,69.27,67.35,69.27,69.27,69.27,70.19,71.1,71.14,76.46,59.25
BTN,Bhutan,32417,Press Freedom Rank,Total,135,157,146,142,98,116,74,70,64,70,82,92,104,94,84,94,80,67,65,33,90
BWA,Botswana,32416,Press Freedom Index,Total,,13,11.5,14,13,23.5,14,15.5,17.5,12,77.09,77.09,77.09,77.09,75.07,74.71,74.91,76.44,76.75,58.49,64.61
BWA,Botswana,32417,Press Freedom Rank,Total,,62,50,60,53,75,66,62,62,43,40,41,42,43,48,48,44,39,38,95,65
CAF,Central African Republic,32416,Press Freedom Index,Total,21.5,32.75,32.5,19.75,14.5,22.5,18.5,17.75,18.5,20,73.39,66.87,66.16,66.4,63.88,64.75,52.73,57.13,58.08,56.96,57.56
CAF,Central African Republic,32417,Press Freedom Rank,Total,63,107,104,82,65,71,85,80,69,62,65,109,110,110,113,112,145,132,126,101,98
CAN,Canada,32416,Press Freedom Index,Total,0.75,1.83,3.33,4.5,4.5,4.88,3.33,3.7,7,-5.67,87.31,89.01,89.01,84.74,83.47,84.72,84.31,84.71,84.75,81.74,83.53
CAN,Canada,32417,Press Freedom Rank,Total,5,10,18,21,18,18,13,19,21,10,20,18,8,18,22,18,18,16,14,19,15
CHE,Switzerland,32416,Press Freedom Index,Total,4.25,2.5,0.5,0.5,2.5,3,3,1,0,-6.2,90.06,89.53,86.15,88.24,87.87,88.73,89.48,89.38,89.45,82.72,84.4
CHE,Switzerland,32417,Press Freedom Rank,Total,15,12,1,1,9,11,7,7,6,8,14,15,20,7,7,5,6,8,10,14,12
CHL,Chile,32416,Press Freedom Index,Total,6.5,6.83,10,11.75,11.63,12.13,11.5,10.5,10.5,29,73.76,74.2,77,80.77,79.47,77.31,74.35,72.69,72.11,60.61,60.09
CHL,Chile,32417,Press Freedom Rank,Total,24,37,42,50,49,39,56,39,33,82,60,58,43,31,33,38,46,51,54,82,83
CHN,China,32416,Press Freedom Index,Total,97,91.25,92.33,83,94,89,85.5,84.5,84.67,136,26.93,27.09,26.45,19.04,22.34,21.71,21.08,21.52,21.28,25.17,22.97
CHN,China,32417,Press Freedom Rank,Total,138,161,162,159,163,163,167,168,171,174,173,175,176,176,176,176,177,177,177,175,179
CIV,Cote d'Ivoire,32416,Press Freedom Index,Total,19,42.17,60.38,52.25,25,27,26.5,29,36,83.5,70.23,68.37,69.55,69.83,69.58,69.92,70.48,71.06,71.13,74.46,68.83
CIV,Cote d'Ivoire,32417,Press Freedom Rank,Total,55,137,149,144,99,94,109,103,118,159,96,101,86,86,81,82,71,68,66,37,54
CMR,Cameroon,32416,Press Freedom Index,Total,28.83,30.5,27,20.5,28.25,36,36.9,30.5,44.3,35,65.22,61.87,60.37,59.47,58.41,59.08,56.68,56.72,56.22,49.1,45.58
CMR,Cameroon,32417,Press Freedom Rank,Total,88,98,93,83,112,111,129,109,129,97,120,131,133,126,130,129,131,134,135,118,138
COD,"Congo, Dem. Rep.",32416,Press Freedom Index,Total,40.75,38.5,51.5,57.33,51,50.5,51.25,53.5,51.83,67.67,58.34,55.36,55.69,49.03,47.33,48.4,48.29,50.91,51.41,47.66,48.55
COD,"Congo, Dem. Rep.",32417,Press Freedom Rank,Total,113,127,141,146,143,133,148,146,148,145,142,151,150,152,154,154,154,150,149,125,124
COG,"Congo, Rep.",32416,Press Freedom Index,Total,23.17,14,17.5,17,17,24.5,20.75,34.25,33.6,30.38,71.8,70.56,67,64.16,63.27,64.58,63.96,63.44,61.17,58.64,60.42
COG,"Congo, Rep.",32417,Press Freedom Rank,Total,69,63,69,71,73,80,92,116,114,90,76,82,107,115,115,114,117,118,118,93,81
COL,Colombia,32416,Press Freedom Index,Total,40.83,49.17,47.38,40.17,44.75,42.33,35.5,40.13,51.5,66.5,62.52,63.32,60.92,55.89,58.53,58.97,57.18,57.34,56.26,42.43,45.23
COL,Colombia,32417,Press Freedom Rank,Total,114,147,134,128,131,126,126,126,145,143,129,126,128,134,129,130,129,130,134,145,139
COM,Comoros,32416,Press Freedom Index,Total,20.5,18.5,26.5,22,22.5,28,20,19,19,13,75.48,75.48,75.48,75.67,75.67,74.7,72.09,70.23,69.35,60.16,62.25
COM,Comoros,32417,Press Freedom Rank,Total,58,79,91,88,93,96,89,82,72,45,51,53,50,50,44,49,56,75,84,83,75
CPV,Cabo Verde,32416,Press Freedom Index,Total,13.75,8.25,8.75,6,11.5,14,8,11,8,-6,85.67,85.68,79.31,80.18,81.98,79.61,80.19,79.85,79.91,75.37,75.72
CPV,Cabo Verde,32417,Press Freedom Rank,Total,46,47,38,29,45,45,36,44,26,9,25,24,36,32,27,29,25,25,27,36,33
CRI,Costa Rica,32416,Press Freedom Index,Total,4.25,3.83,7.63,8.5,6.67,6.5,5.1,8,8.08,-2.25,87.92,87.77,87.74,88.9,88.07,85.99,87.76,89.47,91.24,85.92,80.2
CRI,Costa Rica,32417,Press Freedom Rank,Total,15,24,35,41,29,21,22,30,29,19,18,21,16,6,6,10,10,7,5,8,23
CUB,Cuba,32416,Press Freedom Index,Total,90.25,97.83,106.83,87,95,96.17,88.33,94,78,98.83,28.36,29.08,29.79,29.77,28.25,31.1,36.19,36.19,36.06,27.32,29
CUB,Cuba,32417,Press Freedom Rank,Total,134,165,166,161,165,165,169,170,166,167,171,170,169,171,173,172,169,171,171,173,172
CYP,Cyprus,32416,Press Freedom Index,Total,,20.83,,5.5,7.5,14,7.5,5.5,13.4,-3,86.17,85.55,83.48,81.74,80.21,80.15,78.26,79.55,80.15,65.97,68.62
CYP,Cyprus,32417,Press Freedom Rank,Total,,83,,25,30,45,31,25,45,16,24,25,24,27,30,25,28,27,26,65,55
CZE,Czechia,32416,Press Freedom Index,Total,11.25,2.5,3.5,1,0.75,4,4,5,7.5,-5,89.83,89.93,88.38,83.34,83.09,78.11,75.11,76.43,76.62,80.54,83.58
CZE,Czechia,32417,Press Freedom Rank,Total,41,12,19,9,5,14,16,24,24,14,16,13,13,21,23,34,40,40,40,20,14
DEU,Germany,32416,Press Freedom Index,Total,1.5,1.33,2,4,5.5,5.75,4.5,3.5,4.25,-3,89.76,89.77,88.53,85.2,85.03,85.61,85.4,87.84,84.76,82.04,81.91
DEU,Germany,32417,Press Freedom Rank,Total,7,8,11,18,23,20,20,18,17,18,17,14,12,16,16,15,13,11,13,16,21
DJI,Djibouti,32416,Press Freedom Index,Total,31.25,35.5,55,37,33,50.25,41.5,31,30.5,83.5,32.6,29.66,28.96,29.1,29.46,29.23,28.64,23.27,21.38,35.75,35.87
DJI,Djibouti,32417,Press Freedom Rank,Total,96,120,145,121,121,132,134,110,110,160,167,169,170,172,172,173,173,176,176,164,162
DNK,Denmark,32416,Press Freedom Index,Total,3,1,0.5,0.5,5,2,3.5,0,2.5,-5.67,92.92,92.57,91.76,91.11,89.64,86.01,90.13,91.87,91.43,90.27,89.48
DNK,Denmark,32417,Press Freedom Rank,Total,10,5,1,1,20,8,14,1,11,11,6,7,3,4,4,9,5,3,4,2,3
DOM,Dominican Republic,32416,Press Freedom Index,Total,,17,6.75,12.25,12.75,22.75,18,26.83,26.13,33.25,71.66,72.83,72.69,72.1,73.24,73.21,72.1,72.1,74.4,76.9,71.88
DOM,Dominican Republic,32417,Press Freedom Rank,Total,,72,31,51,52,72,82,98,97,95,80,68,63,62,59,59,55,55,50,30,43
DZA,Algeria,32416,Press Freedom Index,Total,31,33,43.5,40.33,40,40.5,31.33,49.56,47.33,56,63.46,63.74,63.37,58.31,57.17,56.87,54.25,54.48,52.74,45.53,45.74
DZA,Algeria,32417,Press Freedom Rank,Total,95,108,128,129,126,123,121,141,133,122,125,121,119,129,134,136,141,146,146,134,136
ECU,Ecuador,32416,Press Freedom Index,Total,5.5,7.67,16.5,21.75,15.25,18.5,15.5,20,27.5,38,65.31,68.84,66.35,66.79,66.36,69.44,68.12,67.38,67.17,64.61,60.51
ECU,Ecuador,32417,Press Freedom Rank,Total,20,42,66,87,68,56,74,84,102,104,119,95,108,109,105,92,97,98,96,68,80
EGY,"Egypt, Arab Rep.",32416,Press Freedom Index,Total,34.5,34.25,43.5,52,46.25,58,50.25,51.38,43.33,97.5,51.34,48.11,49.83,45.55,44.22,43.28,43.53,43.18,43.83,30.23,33.37
EGY,"Egypt, Arab Rep.",32417,Press Freedom Rank,Total,102,110,128,143,133,146,146,143,127,166,158,159,158,159,161,161,163,166,166,168,166
ERI,Eritrea,32416,Press Freedom Index,Total,83.67,91.5,93.25,99.75,97.5,114.75,97.5,115.5,105,142,15.17,15.17,15.14,16.08,15.76,15.76,19.74,16.5,18.55,19.62,27.86
ERI,Eritrea,32417,Press Freedom Rank,Total,132,162,163,166,166,169,173,175,178,179,179,180,180,180,179,179,178,178,180,179,174
ESP,Spain,32416,Press Freedom Index,Total,7.75,7.67,9,8.33,10,10.25,8,11,12.25,9.75,79.5,79.37,80.05,80.08,81.31,79.49,78.01,77.84,79.56,76.71,75.37
ESP,Spain,32417,Press Freedom Rank,Total,29,42,39,40,42,33,36,44,39,39,36,35,33,34,29,31,29,29,29,32,36
EST,Estonia,32416,Press Freedom Index,Total,,2.5,2,1.5,2,1,2,0.5,2,-9,90.74,90.37,88.81,85.69,86.45,85.92,87.73,87.39,84.75,88.83,85.31
EST,Estonia,32417,Press Freedom Rank,Total,,12,11,11,6,3,4,6,9,3,11,11,10,14,12,12,11,14,15,4,8
ETH,Ethiopia,32416,Press Freedom Index,Total,37.5,37.5,37,42,75,63,47.75,49,49.38,56.6,60.43,59.42,58.17,54.87,49.66,49.83,64.89,67.18,66.37,50.53,47.7
ETH,Ethiopia,32417,Press Freedom Rank,Total,107,124,112,131,160,150,142,140,139,127,137,143,142,142,150,150,110,99,101,114,130
FIN,Finland,32416,Press Freedom Index,Total,0.5,0.5,0.5,0.5,0.5,1.5,2,0,0,-10,93.62,93.6,92.48,91.41,91.08,89.74,92.1,92.07,93.01,88.42,87.94
FIN,Finland,32417,Press Freedom Rank,Total,1,1,1,1,1,5,4,1,1,1,1,1,1,1,3,4,2,2,2,5,5
FJI,Fiji,32416,Press Freedom Index,Total,,11.5,16,14,14,33.5,16,60,52.75,55,67.31,67.43,68.72,70.63,71.36,73.45,72.82,72.59,72.08,56.91,59.27
FJI,Fiji,32417,Press Freedom Rank,Total,,59,63,60,58,107,79,152,149,118,107,107,93,80,67,57,52,52,55,102,89
FRA,France,32416,Press Freedom Index,Total,3.25,4.17,3.5,6.25,9,9.75,7.67,10.67,13.38,9.5,78.4,78.11,78.85,76.17,77.76,78.13,77.79,77.08,77.4,78.53,78.72
FRA,France,32417,Press Freedom Rank,Total,11,26,19,30,37,31,35,43,44,38,37,39,38,45,39,33,32,34,34,26,24
GAB,Gabon,32416,Press Freedom Index,Total,20.5,31.25,37.5,26,28.5,31.5,26.75,43.5,28.75,36.5,71.31,68.68,68.62,67.8,65.17,67.63,64.4,62.8,61.4,56,58.12
GAB,Gabon,32417,Press Freedom Rank,Total,59,101,115,102,114,102,110,129,107,101,89,98,95,100,108,108,115,121,117,105,94
GBR,United Kingdom,32416,Press Freedom Index,Total,6,4.25,6,5.17,6.5,8.25,5.5,4,6,2,83.11,80.07,80,78.3,77.74,76.75,77.77,77.07,78.41,78.71,78.51
GBR,United Kingdom,32417,Press Freedom Rank,Total,22,27,28,24,28,24,23,20,19,28,29,33,34,38,40,40,33,35,33,24,26
GEO,Georgia,32416,Press Freedom Index,Total,,17.33,27.5,25.17,21,20.83,31.25,18.83,27,38,69.91,70.22,72.3,72.04,72.24,72.66,71.02,71.41,71.36,59.3,61.69
GEO,Georgia,32417,Press Freedom Rank,Total,,73,94,99,89,66,120,81,100,105,100,84,69,64,64,61,60,60,60,89,77
GHA,Ghana,32416,Press Freedom Index,Total,23,8.75,13.5,15,8.5,9,7.5,6,8,11,82.73,83.71,84.5,82.05,82.05,81.59,79.19,77.74,78.67,67.43,65.93
GHA,Ghana,32417,Press Freedom Rank,Total,67,48,57,66,34,29,31,27,27,41,30,27,22,26,26,23,27,30,30,60,62
GIN,Guinea,32416,Press Freedom Index,Total,26,33.17,24.5,26,27.5,33.5,21.5,28.5,33.5,30,71.51,68.33,67.44,66.92,66.85,68.1,66.51,65.66,64.58,59.82,59.51
GIN,Guinea,32417,Press Freedom Rank,Total,79,109,88,102,109,107,99,100,113,86,86,102,102,108,101,104,107,110,109,84,85
GMB,"Gambia, The",32416,Press Freedom Index,Total,22.5,18.25,29.5,41,54,48.25,42.75,48.25,40.5,65.5,54.91,53.58,55.5,53.47,53.3,61.64,68.65,69.38,69.24,69.25,71.06
GMB,"Gambia, The",32417,Press Freedom Rank,Total,64,77,98,130,149,130,137,137,125,141,152,155,151,145,143,122,92,87,85,50,46
GNB,Guinea-Bissau,32416,Press Freedom Index,Total,30.25,35.25,23.5,17,14.5,33.5,16.33,23.5,18.25,26,71.06,69.95,71.3,70.97,69.91,69.91,69.05,67.94,67.32,58.79,61.57
GNB,Guinea-Bissau,32417,Press Freedom Rank,Total,94,118,83,71,63,107,81,92,67,75,92,86,81,79,77,83,89,94,95,92,78
GNQ,Equatorial Guinea,32416,Press Freedom Index,Total,42.75,44.75,46.25,44,48,65.25,59.25,65.5,79,86,32.8,32.05,33.77,33.53,33.53,33.53,41.65,43.62,44.33,43.96,50.35
GNQ,Equatorial Guinea,32417,Press Freedom Rank,Total,117,139,133,133,138,153,156,158,167,161,166,168,167,168,171,171,165,165,164,141,120
GRC,Greece,32416,Press Freedom Index,Total,5,6,7,4,8,9.25,7.5,9,19,24,71.54,68.67,68.99,69.65,69.11,70.81,70.92,71.2,70.99,55.52,55.2
GRC,Greece,32417,Press Freedom Rank,Total,19,31,33,18,32,30,31,35,73,71,84,99,91,89,88,74,65,65,70,108,107
GTM,Guatemala,32416,Press Freedom Index,Total,27.25,30.83,16.5,21.5,21.25,33,22.64,29.5,20.25,35,70.61,63.39,62.08,61.97,60.67,63.83,64.06,64.26,61.55,47.94,48.12
GTM,Guatemala,32417,Press Freedom Rank,Total,83,99,66,86,90,104,101,106,77,98,95,125,124,121,118,116,116,116,116,124,127
GUY,Guyana,32416,Press Freedom Index,Total,,,,,,,19.75,10.5,16.63,19.5,72.92,72.92,72.79,72.93,73.2,73.75,73.37,73.37,74.39,76.41,67.5
GUY,Guyana,32417,Press Freedom Rank,Total,,,,,,,88,39,59,60,69,67,62,57,60,55,51,49,51,34,60
HKG,"Hong Kong SAR, China",32416,Press Freedom Index,Total,4.83,11,7.5,8.25,14,20,9.75,11.75,10.75,17,73.84,73.45,72.24,71.5,70.54,70.96,70.35,69.99,69.56,41.64,44.86
HKG,"Hong Kong SAR, China",32417,Press Freedom Rank,Total,18,56,34,39,59,61,51,48,34,54,58,61,70,69,73,70,73,80,80,148,140
HND,Honduras,32416,Press Freedom Index,Total,,14.17,11.75,18,14.5,25.5,21.5,42,51.13,61,63.08,62.86,60.73,55.38,56.25,54.77,51.47,51.8,50.65,34.61,32.65
HND,Honduras,32417,Press Freedom Rank,Total,,65,53,76,64,87,99,128,143,136,127,129,132,137,140,141,146,148,151,165,169
HRV,Croatia,32416,Press Freedom Index,Total,8.75,16.5,11.83,12.83,13,12.5,8.5,17.17,17.5,23.33,73.39,73.18,73.88,72.09,70.41,71.06,70.97,71.49,72.05,70.42,71.95
HRV,Croatia,32417,Press Freedom Rank,Total,33,69,54,56,54,41,45,78,63,68,64,65,58,63,74,69,64,59,56,48,42
HTI,Haiti,32416,Press Freedom Index,Total,36.5,31,42.13,33.5,19.5,23.5,15.13,15,16.38,15.67,75.91,76.47,74.92,75.34,73.64,73.18,71,69.8,68.88,64.55,57.38
HTI,Haiti,32417,Press Freedom Rank,Total,106,100,125,117,87,75,73,57,56,52,49,47,53,53,53,60,62,83,87,70,99
HUN,Hungary,32416,Press Freedom Index,Total,6.5,3.33,6,2,3,4.5,5.5,5.5,7.5,10,73.91,73.27,72.56,71.83,70.99,70.89,69.56,69.16,68.24,59.8,62.96
HUN,Hungary,32417,Press Freedom Rank,Total,25,21,28,12,10,17,23,25,23,40,56,64,65,67,71,73,87,89,92,85,72
IDN,Indonesia,32416,Press Freedom Index,Total,20,34.25,37.75,26,26,30.5,27,28.5,35.83,68,58.95,61.85,59.25,58.28,60.07,60.32,63.23,63.18,62.6,49.27,54.83
IDN,Indonesia,32417,Press Freedom Rank,Total,57,110,117,102,103,100,111,100,117,146,139,132,138,130,124,124,124,119,113,117,108
IND,India,32416,Press Freedom Index,Total,26.5,39,38.5,27,26.5,39.33,30,29.33,38.75,58,58.78,59.66,59.51,56.83,57.06,56.76,54.33,54.67,53.44,41,36.62
IND,India,32417,Press Freedom Rank,Total,80,128,120,106,105,120,118,105,122,131,140,140,136,133,136,138,140,142,142,150,161
IRL,Ireland,32416,Press Freedom Index,Total,1,2.83,0.5,0.5,0.5,2,2,0,2,-4,89.94,89.13,88.8,87.6,85.92,85.41,85,87.4,88.09,88.3,89.91
IRL,Ireland,32417,Press Freedom Rank,Total,6,17,1,1,2,8,4,1,10,15,15,16,11,9,14,16,15,13,12,6,2
IRN,"Iran, Islamic Rep.",32416,Press Freedom Index,Total,48.25,89.33,78.3,89.17,90.88,96.5,80.33,104.14,94.56,136.6,26.6,27.71,27.68,33.48,34.88,39.29,35.59,35.19,27.3,23.22,24.81
IRN,"Iran, Islamic Rep.",32417,Press Freedom Rank,Total,122,160,158,164,162,166,166,172,175,175,174,173,173,169,165,164,170,173,174,178,177
IRQ,Iraq,32416,Press Freedom Index,Total,79,37.5,58.5,67,66.83,67.83,59.38,53.3,45.58,75.36,55.33,54.56,52.24,45.65,45.97,43.44,47.4,44.63,44.43,28.59,32.94
IRQ,Iraq,32417,Press Freedom Rank,Total,130,124,148,157,154,157,158,145,130,152,150,153,156,158,158,160,156,162,163,172,167
ISL,Iceland,32416,Press Freedom Index,Total,0.5,0.5,0.5,0.5,0.5,0.75,1.5,2,0,-7,91.51,91.5,86.13,84.7,86.97,85.9,85.29,84.88,84.63,82.69,83.19
ISL,Iceland,32417,Press Freedom Rank,Total,2,1,1,1,3,1,1,9,2,6,9,8,21,19,10,13,14,15,16,15,18
ISR,Israel,32416,Press Freedom Index,Total,30,,,10,,,,,,,67.03,68.81,67.91,67.42,68.99,69.74,69.2,69.16,69.1,59.62,57.57
ISR,Israel,32417,Press Freedom Rank,Total,92,,,47,,,,,,,112,96,101,101,91,87,88,88,86,86,97
ITA,Italy,32416,Press Freedom Index,Total,11,9.75,9,8.67,9.9,11.25,8.42,12.14,15,19.67,73.89,76.25,72.06,71.07,73.74,75.88,75.02,76.31,76.61,68.16,72.05
ITA,Italy,32417,Press Freedom Rank,Total,40,53,39,42,40,35,44,49,50,61,57,49,73,77,52,46,43,41,41,58,41
JAM,Jamaica,32416,Press Freedom Index,Total,,3.33,4.17,7.5,5.5,8.63,4.88,4.75,7.67,-3,90.12,89.1,88.82,87.55,87.27,88.67,88.87,89.49,90.04,83.35,75.89
JAM,Jamaica,32417,Press Freedom Rank,Total,,21,24,34,25,27,21,23,25,17,13,17,9,10,8,6,8,6,7,12,32
JOR,Jordan,32416,Press Freedom Index,Total,33.5,37,39.13,24,27.5,40.21,36,31.88,37,56.8,61.53,59.58,57.93,55.51,56.76,58.29,56.89,57.92,57.11,48.66,42.79
JOR,Jordan,32417,Press Freedom Rank,Total,99,122,121,96,110,122,128,112,120,128,134,141,143,135,138,132,130,128,129,120,146
JPN,Japan,32416,Press Freedom Index,Total,7.5,8,10,8,12.5,11.75,6.5,3.25,2.5,-1,74.83,73.98,73.05,71.33,70.56,71.36,70.64,71.14,71.12,64.37,63.95
JPN,Japan,32417,Press Freedom Rank,Total,28,44,42,37,51,37,29,17,12,22,53,59,61,72,72,67,67,66,67,71,68
KAZ,Kazakhstan,32416,Press Freedom Index,Total,42,42.5,44.17,36.17,41,41.63,35.33,49.67,68.5,77.5,44.92,45.06,46.54,45.45,45.99,45.59,47.18,45.89,49.72,48.28,45.87
KAZ,Kazakhstan,32417,Press Freedom Rank,Total,116,138,131,119,128,125,125,142,162,154,160,161,160,160,157,158,158,157,155,122,134
KEN,Kenya,32416,Press Freedom Index,Total,24.75,18.5,22.25,30,30.25,23.75,21.25,25,19,29.5,72.2,69.3,67.93,68.84,68.8,69.18,67.56,66.28,66.35,64.59,51.15
KEN,Kenya,32417,Press Freedom Rank,Total,75,79,82,109,118,78,97,96,74,84,71,90,100,95,95,96,100,103,102,69,116
KGZ,Kyrgyz Republic,32416,Press Freedom Index,Total,31.75,32,35.25,32,34,33.6,27,40,63,40,67.8,68.76,69.31,69.84,69.08,69,70.08,69.81,69.63,64.25,49.91
KGZ,Kyrgyz Republic,32417,Press Freedom Rank,Total,98,104,107,111,123,110,111,125,159,109,106,97,88,85,89,98,83,82,79,72,122
KHM,Cambodia,32416,Press Freedom Index,Total,24.25,19.5,36.5,23,27.25,25.33,35.5,35.17,43.83,55,58.19,59.03,59.01,59.3,57.93,54.1,54.1,54.54,53.16,43.48,42.02
KHM,Cambodia,32417,Press Freedom Rank,Total,71,81,109,90,108,85,126,117,128,117,143,144,139,128,132,142,143,144,144,142,147
KOR,"Korea, Rep.",32416,Press Freedom Index,Total,10.5,9.17,11.13,7.5,7.75,12.13,9,15.67,13.33,12.67,75.52,74.34,73.45,71.42,72.39,76.49,75.06,76.3,76.57,72.11,70.83
KOR,"Korea, Rep.",32417,Press Freedom Rank,Total,39,49,48,34,31,39,47,69,42,44,50,57,60,70,63,43,41,42,42,43,47
KWT,Kuwait,32416,Press Freedom Index,Total,25.5,31.33,31.67,21.25,17,20.17,12.63,15.25,23.75,28,71.72,69.29,69.16,67.41,66.39,68.09,66.14,65.7,65.64,37.87,38.84
KWT,Kuwait,32417,Press Freedom Rank,Total,78,102,103,85,74,63,61,60,88,78,77,91,90,103,104,105,108,109,105,158,154
LAO,Lao PDR,32416,Press Freedom Index,Total,89,94.83,64.33,66.5,67.5,75,70,92,80.5,89,32.01,28.78,28.75,28.42,33.59,33.59,35.51,35.72,29.44,36.64,36.66
LAO,Lao PDR,32417,Press Freedom Rank,Total,133,163,153,155,156,161,164,169,168,165,168,171,171,173,170,170,171,172,172,161,160
LBN,Lebanon,32416,Press Freedom Index,Total,19.67,32.5,24.38,28.25,27,28.75,14,15.42,20.5,31.5,69.85,68.11,68.19,68.05,66.99,68.85,67.56,66.81,65.07,46.58,50.46
LBN,Lebanon,32417,Press Freedom Rank,Total,56,106,87,108,107,98,66,61,78,93,101,106,98,98,99,100,101,102,107,130,119
LBR,Liberia,32416,Press Freedom Index,Total,37.75,40,40,20.5,19,25.33,9.75,15.5,22.5,40.5,70.11,69.35,69.22,69.29,68.88,69.67,68.51,67.75,66.64,62.77,64.34
LBR,Liberia,32417,Press Freedom Rank,Total,109,132,123,83,84,85,51,62,84,110,97,89,89,93,94,89,93,95,98,75,66
LBY,Libya,32416,Press Freedom Index,Total,72.5,60,65,88.75,62.5,66.5,61.5,64.5,63.5,77.5,62.14,60.16,54.01,42.11,43.19,43.21,44.23,44.23,44.27,43.16,40.22
LBY,Libya,32417,Press Freedom Rank,Total,129,153,154,162,152,155,160,156,160,155,131,137,154,164,163,162,162,164,165,143,149
LIE,Liechtenstein,32416,Press Freedom Index,Total,,,,,,,,,,,92.65,92.98,82.33,81.64,79.69,79.51,79.51,80.48,80.51,84.03,84.47
LIE,Liechtenstein,32417,Press Freedom Rank,Total,,,,,,,,,,,7,6,27,28,32,30,26,24,23,10,11
LKA,Sri Lanka,32416,Press Freedom Index,Total,15.75,24.83,36.5,33.25,50.75,67.5,78,75,62.5,87.5,43.41,40.87,39.72,55.04,55.66,58.63,60.39,58.06,57.8,42.13,45.85
LKA,Sri Lanka,32417,Press Freedom Rank,Total,51,89,109,115,141,156,165,162,158,163,162,165,165,141,141,131,126,127,127,146,135
LSO,Lesotho,32416,Press Freedom Index,Total,,17.75,29.5,19.5,16,29.5,29.5,27.5,24,21,71.64,71.64,71.64,71.22,71.22,71.22,70.26,69.55,68.39,59.39,64.29
LSO,Lesotho,32417,Press Freedom Rank,Total,,75,98,81,72,99,116,99,90,63,81,74,77,73,68,68,78,86,88,88,67
LTU,Lithuania,32416,Press Freedom Index,Total,,2.83,3,4.5,6.5,7,4,2.25,2.5,4,81.76,80.8,81.2,80.05,78.63,77.8,77.94,78.81,79.85,84.14,86.79
LTU,Lithuania,32417,Press Freedom Rank,Total,,17,16,21,27,23,16,10,13,31,33,32,31,35,36,36,30,28,28,9,7
LUX,Luxembourg,32416,Press Freedom Index,Total,,,,,,,1.5,4,4,-7,93.32,93.3,86.39,85.57,85.28,85.28,84.34,84.54,82.44,79.81,81.98
LUX,Luxembourg,32417,Press Freedom Rank,Total,,,,,,,1,20,15,7,4,4,19,15,15,17,17,17,20,21,20
LVA,Latvia,32416,Press Freedom Index,Total,,2.25,1,2.5,3,3.5,3,3,8.5,15,77.11,78.9,81.88,82.62,81.38,80.37,80.47,81.44,80.74,79.17,83.27
LVA,Latvia,32417,Press Freedom Rank,Total,,11,10,16,11,12,7,13,30,50,39,37,28,24,28,24,24,22,22,22,16
MAR,Morocco,32416,Press Freedom Index,Total,29,39.67,43,36.17,24.83,33.25,32.25,41,47.4,63.29,60.96,60.28,60.81,57.36,57.58,56.87,56.02,57.12,56.06,45.42,43.69
MAR,Morocco,32417,Press Freedom Rank,Total,89,131,126,119,97,106,122,127,135,138,136,136,130,131,133,135,135,133,136,135,144
MDA,Moldova,32416,Press Freedom Index,Total,,27,20.5,17.5,19.17,24.75,21.38,33.75,19.13,16,73.99,74.65,72.15,71.17,69.59,69.99,68.79,68.84,68.39,73.47,77.62
MDA,Moldova,32417,Press Freedom Rank,Total,,94,78,74,85,81,98,114,75,53,55,56,72,76,80,81,91,91,89,40,28
MDG,Madagascar,32416,Press Freedom Index,Total,22.75,8.17,18.5,24.5,15,20,21,45.83,34.88,29.5,71.38,70.62,72.57,72.96,73.29,73.8,72.24,72.32,71.76,58.02,56.66
MDG,Madagascar,32417,Press Freedom Rank,Total,65,46,72,97,66,61,94,134,116,85,88,81,64,56,57,54,54,54,57,98,101
MDV,Maldives,32416,Press Freedom Index,Total,,47.5,69.17,58.5,51.25,45.17,23.25,14,16,25,68.9,66.89,65.68,65.83,60.7,62.05,67.84,70.07,70.87,59.55,56.93
MDV,Maldives,32417,Press Freedom Rank,Total,,145,157,148,144,129,104,51,52,73,103,108,112,112,117,120,98,79,72,87,100
MEX,Mexico,32416,Press Freedom Index,Total,24.75,17.67,27.83,45.5,45.83,53.63,46.13,48.25,47.5,72.67,54.7,54.96,56.31,50.67,51.03,51.09,53.22,54.55,53.29,47.57,47.98
MEX,Mexico,32417,Press Freedom Rank,Total,76,74,96,135,132,136,140,137,136,149,153,152,148,149,147,147,144,143,143,127,128
MKD,North Macedonia,32416,Press Freedom Index,Total,,9.67,11.25,8.75,11.5,11.5,8.25,8.75,18.4,31.67,65.73,63.57,63.74,63.91,64.26,67.57,68.34,68.72,68.33,68.44,74.35
MKD,North Macedonia,32417,Press Freedom Rank,Total,,51,49,43,46,36,42,34,68,94,116,123,117,118,111,109,95,92,90,57,38
MLI,Mali,32416,Press Freedom Index,Total,12.5,11,12.83,8,9,16.5,7.5,8,8,0,69.97,63.71,63.67,60.17,61.73,63.85,64.77,65.88,66.5,54.48,52.29
MLI,Mali,32417,Press Freedom Rank,Total,44,56,56,37,38,52,31,30,28,25,99,122,118,122,116,115,112,108,99,111,113
MLT,Malta,32416,Press Freedom Index,Total,,,,,,,,2.5,4,19.5,76.7,76.16,75.84,76.16,75.24,72.56,70.26,69.84,69.54,61.55,59.76
MLT,Malta,32417,Press Freedom Rank,Total,,,,,,,,11,16,58,45,51,48,46,47,65,77,81,81,78,84
MMR,Myanmar,32416,Press Freedom Index,Total,96.83,95.5,103.63,88.83,94.75,93.75,94.38,102.67,94.5,100,55.29,58.57,57.92,54.52,58.18,56.85,55.08,55.23,53.86,25.03,28.26
MMR,Myanmar,32417,Press Freedom Rank,Total,137,164,165,163,164,164,170,171,174,169,151,145,144,143,131,137,138,139,140,176,173
MNE,Montenegro,32416,Press Freedom Index,Total,,,,,,19,10,17,28.5,39,67.03,65.22,65.37,67.21,66.35,68.79,67.26,66.17,65.67,66.54,74.28
MNE,Montenegro,32417,Press Freedom Rank,Total,,,,,,58,53,77,105,107,113,114,114,106,106,103,104,105,104,63,39
MNG,Mongolia,32416,Press Freedom Index,Total,24.5,18.25,19,12.5,19.25,23.4,20.83,23.33,19.42,35.75,70.07,69.7,74.75,72.39,71.05,70.95,70.49,70.39,71.03,59.17,59.33
MNG,Mongolia,32417,Press Freedom Rank,Total,73,77,73,53,86,74,93,91,76,100,98,88,54,60,69,71,70,73,68,90,88
MOZ,Mozambique,32416,Press Freedom Index,Total,23.5,14,16.25,10.5,11.5,23,20.5,19,26.5,21.5,71.99,70.74,70.02,69.75,68.95,68.88,67.34,66.21,64.61,49.89,56.13
MOZ,Mozambique,32417,Press Freedom Rank,Total,70,63,64,49,47,73,90,82,98,66,73,79,85,87,93,99,103,104,108,116,102
MRT,Mauritania,32416,Press Freedom Index,Total,41.33,36.67,51,40,17.5,15.5,23.88,28.5,25.38,22.2,73.24,73.47,74.73,75.97,73.51,70.91,68.35,67.46,67.75,58.1,59.45
MRT,Mauritania,32417,Press Freedom Rank,Total,115,121,138,127,78,50,105,100,95,67,67,60,55,48,55,72,94,97,94,97,86
MUS,Mauritius,32416,Press Freedom Index,Total,9.5,7.25,10.5,7.5,8,8.5,9,14,18,17,73.53,72.31,72.31,72.31,73.33,73.55,71.54,72,71.26,66.07,65.56
MUS,Mauritius,32417,Press Freedom Rank,Total,36,41,46,34,33,25,47,51,65,55,62,70,68,61,56,56,58,56,61,64,63
MWI,Malawi,32416,Press Freedom Index,Total,27.67,21,31,22.75,25.5,26.75,15,15.5,21,68,71.82,71.71,73.59,71.88,71.03,72.57,70.64,70.68,71.2,61.4,60.34
MWI,Malawi,32417,Press Freedom Rank,Total,84,84,101,89,102,92,70,62,79,147,75,73,59,66,70,64,68,69,62,80,82
MYS,Malaysia,32416,Press Freedom Index,Total,37.83,32,39.83,33,22.25,41,39.5,44.25,50.75,56,57.27,57.27,56.71,53.43,53.11,52.59,63.26,66.88,60.53,51.55,62.83
MYS,Malaysia,32417,Press Freedom Rank,Total,110,104,122,113,92,124,132,131,141,124,145,147,147,146,144,145,123,101,119,113,73
NAM,Namibia,32416,Press Freedom Index,Total,8,11,10,5.5,6,8.5,5.5,9,7,-2,87.5,87.5,87.5,84.85,82.92,79.76,81.05,80.75,80.28,81.84,80.91
NAM,Namibia,32417,Press Freedom Rank,Total,31,56,42,25,26,25,23,35,22,21,19,22,17,17,24,26,23,23,24,18,22
NER,Niger,32416,Press Freedom Index,Total,18.5,15.75,18.33,13,24.5,25.5,37,48.5,28.5,2.5,76.92,76.41,76.15,75.38,72.79,72.6,70.74,71.75,71.56,67.8,66.84
NER,Niger,32417,Press Freedom Rank,Total,53,68,71,57,95,87,130,139,106,29,43,48,47,52,61,63,66,57,59,59,61
NGA,Nigeria,32416,Press Freedom Index,Total,15.5,31.5,37.75,38.75,32.23,49.83,37.75,46,51.5,56.4,65.89,65.76,65.91,64.1,60.31,62.59,63.5,64.37,60.31,46.79,49.56
NGA,Nigeria,32417,Press Freedom Rank,Total,49,103,117,123,120,131,131,135,146,126,115,112,111,116,122,119,120,115,120,129,123
NIC,Nicaragua,32416,Press Freedom Index,Total,,6.5,11.67,15.25,15.5,14.25,12.5,16.75,22.33,24.33,71.69,72.3,72.06,71.18,68.99,69.59,64.47,64.19,60.02,37.09,37.09
NIC,Nicaragua,32417,Press Freedom Rank,Total,,34,52,68,69,47,59,76,83,72,78,71,74,75,92,90,114,117,121,160,158
NLD,Netherlands,32416,Press Freedom Index,Total,0.5,0.5,0.5,0.5,0.5,3.5,4,1,0,-9,93.52,93.54,90.78,91.24,88.72,89.99,91.37,90.04,90.33,77.93,87
NLD,Netherlands,32417,Press Freedom Rank,Total,4,1,1,1,4,12,16,7,4,4,2,2,4,2,5,3,4,5,6,28,6
NOR,Norway,32416,Press Freedom Index,Total,0.5,0.5,0.5,0.5,2,0.75,1.5,0,0,-10,93.48,93.48,92.25,91.21,92.4,92.37,92.18,92.16,93.28,92.65,95.18
NOR,Norway,32417,Press Freedom Rank,Total,3,1,1,1,7,1,1,1,3,2,3,3,2,3,1,1,1,1,1,1,1
NPL,Nepal,32416,Press Freedom Index,Total,63,51.5,84,86.75,73.5,53.75,43.25,35.63,36.38,38.75,65.39,63.84,67.29,67.38,66.98,67.95,66.6,64.9,65.38,62.67,57.89
NPL,Nepal,32417,Press Freedom Rank,Total,127,150,160,160,159,137,138,118,119,106,118,120,105,105,100,106,106,112,106,76,95
NZL,New Zealand,32416,Press Freedom Index,Total,,2.83,0.67,2,5,4.17,3,3,1.5,-5.33,91.62,91.45,89.94,89.99,86.02,86.38,89.25,89.31,89.96,83.54,84.23
NZL,New Zealand,32417,Press Freedom Rank,Total,,17,9,12,21,15,7,13,8,13,8,9,6,5,13,8,7,9,8,11,13
OMN,Oman,32416,Press Freedom Index,Total,,57.75,,,,,32.67,29.5,40.25,55,58.49,61.17,61.17,59.57,59.54,59.33,56.58,56.58,56.63,35.99,37.87
OMN,Oman,32417,Press Freedom Rank,Total,,152,,,,,123,106,124,119,141,134,127,125,126,127,132,135,133,163,155
PAK,Pakistan,32416,Press Freedom Index,Total,44.67,39,61.75,60.75,70.33,64.83,54.88,65.67,56.17,75,48.69,48.54,49.54,51.48,56.45,56.76,54.17,54.48,53.14,37.99,39.95
PAK,Pakistan,32417,Press Freedom Rank,Total,119,128,150,150,157,152,152,159,151,151,159,158,159,147,139,139,142,145,145,157,150
PAN,Panama,32416,Press Freedom Index,Total,15.5,9.75,14.5,15,9.5,17.88,11.83,14.5,21.83,45.67,67.05,69.8,71.02,69.41,67.88,69.44,70.22,70.22,70.06,62.78,63.67
PAN,Panama,32417,Press Freedom Rank,Total,50,53,61,66,39,54,57,55,81,113,111,87,83,91,96,91,79,76,77,74,69
PER,Peru,32416,Press Freedom Index,Total,9.5,10.25,40,33.33,28.25,37.38,26.25,20.88,30,51.25,68.13,68.3,68.79,70.01,69.02,69.73,69.78,69.06,68.29,61.75,52.74
PER,Peru,32417,Press Freedom Rank,Total,37,55,123,116,113,117,108,85,109,115,105,104,92,84,90,88,85,90,91,77,110
PHL,Philippines,32416,Press Freedom Index,Total,29,35.25,36.63,50,51,44.75,45,38.25,60,64.5,56.89,56.31,58.81,55.34,58.92,57.47,56.09,56.46,54.36,41.84,46.21
PHL,Philippines,32417,Press Freedom Rank,Total,90,118,111,139,142,128,139,122,156,140,147,149,141,138,127,133,134,136,138,147,132
PNG,Papua New Guinea,32416,Press Freedom Index,Total,,,,,,,,14.7,13.33,9,77.03,76.54,74.13,74.19,74.93,73.81,75.3,76.07,75.12,66.66,67.62
PNG,Papua New Guinea,32417,Press Freedom Rank,Total,,,,,,,,56,43,35,41,44,56,55,51,53,38,46,47,62,59
POL,Poland,32416,Press Freedom Index,Total,7.75,6.17,6.83,12.5,14,18.5,9,9.5,8.88,-0.67,86.89,88.97,87.29,76.11,73.53,73.41,71.11,71.35,71.16,65.64,67.66
POL,Poland,32417,Press Freedom Rank,Total,30,33,32,53,60,56,47,37,32,24,22,19,18,47,54,58,59,62,64,66,57
PRK,"Korea, Dem. People's Rep.",32416,Press Freedom Index,Total,97.5,99.5,107.5,109,109,108.75,96.5,112.5,104.75,141,16.1,18.04,16.75,16.24,15.02,11.13,16.6,14.18,18.72,13.92,21.72
PRK,"Korea, Dem. People's Rep.",32417,Press Freedom Rank,Total,139,166,167,167,168,168,172,174,177,178,178,179,179,179,180,180,179,180,179,180,180
PRT,Portugal,32416,Press Freedom Index,Total,1.5,5.17,4.5,4.83,3,2,4,8,12.36,5.33,83.25,82.27,82.89,82.73,84.23,85.83,87.37,88.17,89.89,87.07,84.6
PRT,Portugal,32417,Press Freedom Rank,Total,8,28,25,23,12,8,16,30,40,33,28,30,26,23,18,14,12,10,9,7,9
PRY,Paraguay,32416,Press Freedom Index,Total,8.5,7.17,10.5,15.5,18.25,26.1,20.5,14.33,16.25,29,71.22,68.19,66.26,66.37,64.36,67.68,67.6,67.03,66.48,58.36,55.96
PRY,Paraguay,32417,Press Freedom Rank,Total,32,40,46,69,82,90,91,54,54,83,91,105,109,111,110,107,99,100,100,96,103
PSE,West Bank and Gaza,32416,Press Freedom Index,Total,27,39.25,43.17,42.5,46.75,69.83,66.88,69.83,56.13,76,56.91,59.89,58.99,57.07,57.1,57.04,55.32,55.91,56.82,28.98,37.86
PSE,West Bank and Gaza,32417,Press Freedom Rank,Total,82,130,127,132,134,158,163,161,150,153,146,138,140,132,135,134,137,137,132,170,156
QAT,Qatar,32416,Press Freedom Index,Total,,35,32.5,23,18,24,15.5,24,38,46,67.14,65.68,64.65,64.03,60.17,59.84,57.49,57.49,57.4,49.03,55.28
QAT,Qatar,32417,Press Freedom Rank,Total,,115,104,90,81,79,74,94,121,114,110,113,115,117,123,125,128,129,128,119,105
ROU,Romania,32416,Press Freedom Index,Total,13.25,11.5,17.83,16.17,14,12.75,9,12.5,16,14,76.95,76.52,75.1,75.71,75.54,76.35,74.33,74.09,75.09,68.46,69.04
ROU,Romania,32417,Press Freedom Rank,Total,45,59,70,70,61,42,47,50,53,49,42,45,52,49,46,44,47,48,48,56,53
RUS,Russian Federation,32416,Press Freedom Index,Total,48,49.5,51.38,48.67,52.5,56.9,47.5,60.88,49.9,66,56.58,57.22,55.03,50.97,50.55,50.04,49.69,51.08,51.29,38.82,34.77
RUS,Russian Federation,32417,Press Freedom Rank,Total,121,148,140,138,147,144,141,153,140,142,148,148,152,148,148,148,149,149,150,155,164
RWA,Rwanda,32416,Press Freedom Index,Total,37.5,34.25,37.25,38,41,58.88,50,64.67,81,81,44.54,43.43,43.43,45.39,45.89,47.1,47.57,49.66,49.34,45.18,46.58
RWA,Rwanda,32417,Press Freedom Rank,Total,108,110,113,122,129,147,145,157,169,156,161,162,161,161,159,156,155,155,156,136,131
SAU,Saudi Arabia,32416,Press Freedom Index,Total,62.5,71.5,79.17,66,76,59.75,61.75,76.5,61.5,83.25,43.12,41.7,40.59,40.28,33.98,36.87,34.12,37.86,37.27,33.71,32.43
SAU,Saudi Arabia,32417,Press Freedom Rank,Total,125,156,159,154,161,148,161,163,157,158,163,164,164,165,168,169,172,170,170,166,170
SDN,Sudan,32416,Press Freedom Index,Total,36,45.75,44.25,44,48.13,55.75,42,54,85.33,100.75,29.94,28.12,27.66,27.47,26.44,28.87,27.55,44.67,47.07,40.96,40.83
SDN,Sudan,32417,Press Freedom Rank,Total,105,142,132,133,139,140,135,148,172,170,170,172,174,174,174,174,175,159,159,151,148
SEN,Senegal,32416,Press Freedom Index,Total,14,14.5,21.5,19,17.5,25,19,22,25,26,73.81,73.32,72.23,72.01,73.28,74.39,74.19,76.01,74.78,63.07,55.82
SEN,Senegal,32417,Press Freedom Rank,Total,47,66,80,78,79,83,86,89,93,76,59,62,71,65,58,50,49,47,49,73,104
SGP,Singapore,32416,Press Freedom Index,Total,,47.33,57,50.67,51.5,56,49,45,47.5,61,56.57,55.71,54.13,47.04,48.9,49.05,48.59,44.77,44.8,44.23,47.88
SGP,Singapore,32417,Press Freedom Rank,Total,,144,147,140,146,141,144,133,137,135,149,150,153,154,151,151,151,158,160,139,129
SLE,Sierra Leone,32416,Press Freedom Index,Total,24.5,23.5,24.5,39.5,26,39.5,27.75,34,24.25,21,73.65,71.77,71.53,70.06,69.27,70.02,69.64,69.72,70.39,71.03,62.55
SLE,Sierra Leone,32417,Press Freedom Rank,Total,74,87,88,126,104,121,114,115,91,64,61,72,79,83,85,79,86,85,75,46,74
SLV,El Salvador,32416,Press Freedom Index,Total,8.75,6.83,6,5.75,10,20.2,12.8,17.25,15.83,9.3,77.14,78.43,76.34,72.8,72.76,72.22,70.19,70.3,69.51,54.09,51.36
SLV,El Salvador,32417,Press Freedom Rank,Total,34,37,28,28,41,64,62,79,51,37,38,38,45,58,62,66,81,74,82,112,115
SOM,Somalia,32416,Press Freedom Index,Total,,45,43.5,59,51.25,71.5,58,77.5,66,88.33,26.41,26.81,27.69,34.65,34.05,36.96,42.76,44.55,44.53,44.01,44.24
SOM,Somalia,32417,Press Freedom Rank,Total,,140,128,149,145,159,153,164,161,164,175,176,172,167,167,168,164,163,161,140,141
SRB,Serbia,32416,Press Freedom Index,Total,,,,,,21,13.5,15.5,23,29,73.41,74.95,72.34,72.4,71.95,70.42,68.82,68.38,67.97,61.51,59.16
SRB,Serbia,32417,Press Freedom Rank,Total,,,,,,67,64,62,85,80,63,54,67,59,66,76,90,93,93,79,91
SSD,South Sudan,32416,Press Freedom Index,Total,,,,,,,,,,41.25,63.8,63.95,61.96,55.13,51.84,53.12,54.35,55.51,54.22,47.06,50.62
SSD,South Sudan,32417,Press Freedom Rank,Total,,,,,,,,,,111,124,119,125,140,145,144,139,138,139,128,118
SUR,Suriname,32416,Press Freedom Index,Total,,,,,,,6,10.6,11.5,-1,81.81,81.8,81.8,83.3,83.93,83.56,83.62,82.5,83.05,68.95,70.62
SUR,Suriname,32417,Press Freedom Rank,Total,,,,,,,26,42,36,23,31,31,29,22,20,21,20,20,19,52,48
SVK,Slovak Republic,32416,Press Freedom Index,Total,,2.5,0.5,0.75,2.5,1,3,11,11.5,0,86.75,88.61,88.34,86.74,84.49,79.74,76.42,77.33,76.98,78.37,83.22
SVK,Slovak Republic,32417,Press Freedom Rank,Total,,12,1,8,8,3,7,44,35,27,23,20,14,12,17,27,35,33,35,27,17
SVN,Slovenia,32416,Press Freedom Index,Total,4,3,2.25,1,3,6.5,7.33,9.5,13.44,9.14,79.51,79.62,79.45,77.74,78.3,78.31,77.69,77.36,76.9,68.54,70.59
SVN,Slovenia,32417,Press Freedom Rank,Total,14,20,15,9,13,21,30,37,46,36,35,34,35,40,37,32,34,32,36,54,50
SWE,Sweden,32416,Press Freedom Index,Total,1.5,1.5,2,2,4,1.5,3,0,0,-5.5,90.77,91.02,90.53,87.67,91.73,91.69,91.69,90.75,92.76,88.84,88.15
SWE,Sweden,32417,Press Freedom Rank,Total,9,9,11,12,15,5,7,1,5,12,10,10,5,8,2,2,3,4,3,3,4
SWZ,Eswatini,32416,Press Freedom Index,Total,29,37.5,31,35,40.5,54.5,50.5,52.5,57.5,67,53.24,53.24,52.72,47.63,48.73,48.54,50.91,54.85,53.66,46.42,52.66
SWZ,Eswatini,32417,Press Freedom Rank,Total,91,124,101,118,127,138,147,144,155,144,155,156,155,153,152,152,147,141,141,131,111
SYC,Seychelles,32416,Press Freedom Index,Total,20.75,26.75,23.5,17,24.5,33,15.5,16,18,25,70.81,68.32,68.45,69.4,69.14,69.83,70.59,71.34,74.34,83.33,75.71
SYC,Seychelles,32417,Press Freedom Rank,Total,61,93,83,71,96,104,74,72,66,74,93,103,96,92,87,85,69,63,52,13,34
SYR,Syrian Arab Republic,32416,Press Freedom Index,Total,62.83,67.5,67.5,55,63,66,59.63,78,91.5,138,21.47,22.96,22.71,18.65,18.51,20.78,28.22,27.43,29.37,28.94,27.22
SYR,Syrian Arab Republic,32417,Press Freedom Rank,Total,126,155,155,145,153,154,159,165,173,176,176,177,177,177,177,177,174,174,173,171,175
TCD,Chad,32416,Press Freedom Index,Total,28.75,24,33.25,30,35.5,36.5,41.25,44.5,33.17,37.67,65.13,59.78,59.83,59.41,60.34,61.55,63.29,60.3,59.8,56.18,53.73
TCD,Chad,32417,Press Freedom Rank,Total,87,88,106,109,124,113,133,132,112,103,121,139,135,127,121,123,122,123,123,104,109
TGO,Togo,32416,Press Freedom Index,Total,31.5,27.5,19.5,23.75,15,15.17,10,15.5,17,28.5,71.55,71,71.5,69.69,69.25,69.77,70.31,70.67,70.41,57.17,63.06
TGO,Togo,32417,Press Freedom Rank,Total,97,95,75,95,67,49,53,62,60,79,83,76,80,88,86,86,76,71,74,100,70
THA,Thailand,32416,Press Freedom Index,Total,22.75,19.67,14,28,33.5,53.5,34.5,44,56.83,61.5,61.4,62.06,59.93,55.47,55.31,55.69,55.9,55.06,54.78,50.15,55.24
THA,Thailand,32417,Press Freedom Rank,Total,65,82,59,107,122,135,124,130,153,137,135,130,134,136,142,140,136,140,137,115,106
TJK,Tajikistan,32416,Press Freedom Index,Total,28.25,34.5,27.75,33,30,37,25.5,32,34.5,56,64.29,65.14,63.81,49.66,49.73,49.94,45.98,44.66,44.48,40.26,39.06
TJK,Tajikistan,32417,Press Freedom Rank,Total,86,113,95,113,117,115,106,113,115,123,123,115,116,150,149,149,161,161,162,152,153
TKM,Turkmenistan,32416,Press Freedom Index,Total,91.5,82.83,99.83,93.5,98.5,103.75,95.5,107,95.33,140.67,20.86,19.19,19.17,16.56,15.81,15.8,14.56,14.56,19.97,25.01,25.82
TKM,Turkmenistan,32417,Press Freedom Rank,Total,136,158,164,165,167,167,171,173,176,177,177,178,178,178,178,178,180,179,178,177,176
TLS,Timor-Leste,32416,Press Freedom Index,Total,,5.5,13.5,13.5,18.5,27,13.75,16,25,30,71.28,70.96,67.37,67.98,67.18,69.19,70.07,70.1,70.89,81.89,84.49
TLS,Timor-Leste,32417,Press Freedom Rank,Total,,30,57,58,83,94,65,72,94,88,90,77,103,99,98,95,84,78,71,17,10
TON,Tonga,32416,Press Freedom Index,Total,,,38.17,14.5,13,38.25,18,,23.75,21,73.3,73.3,76.63,78.76,75.03,74.32,74.59,72.73,75.41,69.74,71.29
TON,Tonga,32417,Press Freedom Rank,Total,,,119,63,56,119,82,,89,65,66,63,44,37,49,51,45,50,46,49,44
TTO,Trinidad and Tobago,32416,Press Freedom Index,Total,,1,2,2,5,5,6.13,7,8.5,15,76.88,76.72,77.61,76.71,79.38,77.21,75.26,76.78,78.45,78.68,76.54
TTO,Trinidad and Tobago,32417,Press Freedom Rank,Total,,5,11,12,22,19,27,28,30,51,44,43,41,44,34,39,39,36,31,25,30
TUN,Tunisia,32416,Press Freedom Index,Total,67.75,50.83,62.67,57.5,53.75,57,48.1,61.5,72.5,60.25,60.07,61.31,61.32,68.4,67.78,69.09,70.39,70.55,70.47,58.49,50.11
TUN,Tunisia,32417,Press Freedom Rank,Total,128,149,152,147,148,145,143,154,164,134,138,133,126,96,97,97,72,72,73,94,121
TUR,Turkiye,32416,Press Freedom Index,Total,33.5,35,37.25,25,25,31.25,22.75,38.25,49.25,70,53.44,54.13,55.84,49.24,47.02,46.5,47.19,49.98,50.21,41.25,33.97
TUR,Turkiye,32417,Press Freedom Rank,Total,100,115,113,98,100,101,102,122,138,148,154,154,149,151,155,157,157,154,153,149,165
TWN,"Taiwan, China",32416,Press Freedom Index,Total,9,12,14.25,12.25,10.5,10,8,15.08,14.5,13,76.18,76.18,75.17,75.63,75.63,76.64,75.02,76.24,76.14,74.08,75.54
TWN,"Taiwan, China",32417,Press Freedom Rank,Total,35,61,60,51,43,32,36,59,48,46,47,50,51,51,45,42,42,43,43,38,35
TZA,Tanzania,32416,Press Freedom Index,Total,21.25,16.5,14.5,17.5,19.82,18,15,15.5,13,6,72.66,72.7,71.91,71.35,69.35,69.35,63.72,59.75,59.31,48.28,44.02
TZA,Tanzania,32417,Press Freedom Rank,Total,62,69,61,74,88,55,70,62,41,34,70,69,75,71,83,93,118,124,124,123,143
UGA,Uganda,32416,Press Freedom Index,Total,17,25.75,24,19.25,29.83,28,26,21.5,25.5,64,68.31,66.71,68.35,67.42,64.06,63.23,60.58,59.05,58.81,46.35,46.08
UGA,Uganda,32417,Press Freedom Rank,Total,52,91,86,80,116,96,107,86,96,139,104,110,97,102,112,117,125,125,125,132,133
UKR,Ukraine,32416,Press Freedom Index,Total,40,40,51,32.5,26.5,26.75,19.25,22,46.83,54,63.21,63.07,60.9,67.07,66.81,68.84,67.54,67.48,67.04,55.76,61.19
UKR,Ukraine,32417,Press Freedom Rank,Total,112,132,138,112,106,92,87,89,131,116,126,127,129,107,102,101,102,96,97,106,79
URY,Uruguay,32416,Press Freedom Index,Total,6,4,10,9.75,13.75,11.75,8.33,7.63,11.75,4.25,84.08,83.92,84.06,84.12,82.57,84.44,83.94,84.21,83.62,72.03,70.33
URY,Uruguay,32417,Press Freedom Rank,Total,23,25,42,46,57,37,43,29,37,32,27,26,23,20,25,20,19,19,18,44,52
USA,United States,32416,Press Freedom Index,Total,4.75,,,,,,,,,,81.78,76.51,75.59,77.51,76.12,76.27,74.31,76.15,76.07,72.74,71.22
USA,United States,32417,Press Freedom Rank,Total,17,,,,,,,,,,32,46,49,41,43,45,48,45,44,42,45
UZB,Uzbekistan,32416,Press Freedom Index,Total,45,61.5,52.13,66.5,71,74.88,62.7,67.67,71.5,83,39.61,38.99,38.86,38.85,33.89,39.16,46.48,46.93,49.26,45.74,45.73
UZB,Uzbekistan,32417,Press Freedom Rank,Total,120,154,142,155,158,160,162,160,163,157,164,166,166,166,169,165,160,156,157,133,137
VEN,"Venezuela, RB",32416,Press Freedom Index,Total,25,27.83,24.63,23,29,36.88,27.33,39.5,47.33,55,65.56,64.63,59.39,55.23,57.06,53.97,50.9,54.34,52.4,37.78,36.99
VEN,"Venezuela, RB",32417,Press Freedom Rank,Total,77,96,90,90,115,114,113,124,134,120,117,116,137,139,137,143,148,147,148,159,159
VNM,Vietnam,32416,Press Freedom Index,Total,81.25,89.17,86.88,73.25,67.25,79.25,86.17,81.67,75.75,114,28.22,27.64,27.37,25.73,26.04,24.95,25.07,25.29,21.54,26.11,24.58
VNM,Vietnam,32417,Press Freedom Rank,Total,131,159,161,158,155,162,168,166,165,172,172,174,175,175,175,175,176,175,175,174,178
WSM,Samoa,32416,Press Freedom Index,Total,,,,,,,,,33,17,76.16,77.98,77.68,81.2,83.59,83.31,81.75,81.75,80.76,71.39,82.15
WSM,Samoa,32417,Press Freedom Rank,Total,,,,,,,,,111,56,48,40,40,29,21,22,22,21,21,45,19
XKX,Kosovo,32416,Press Freedom Index,Total,,,,25.75,16,19.75,12,16.58,24.83,30,71.53,70.71,69.37,69.5,69.55,70.39,70.32,70.67,69.68,67,68.38
XKX,Kosovo,32417,Press Freedom Rank,Total,,,,100,71,60,58,75,92,87,85,80,87,90,82,78,75,70,78,61,56
YEM,"Yemen, Rep.",32416,Press Freedom Index,Total,34.75,41.83,48,46.25,54,56.67,59,83.38,82.13,101,30.78,32.74,33.64,32.93,34.2,37.77,38.34,41.75,37.65,29.14,32.78
YEM,"Yemen, Rep.",32417,Press Freedom Rank,Total,103,136,135,136,150,143,155,167,170,171,169,167,168,170,166,167,168,167,169,169,168
ZAF,South Africa,32416,Press Freedom Index,Total,7.5,3.33,5,6.5,11.25,13,8,8.5,12,12,75.44,76.81,77.94,78.08,79.88,79.61,77.81,77.59,78.41,75.56,78.6
ZAF,South Africa,32417,Press Freedom Rank,Total,26,21,26,31,44,43,36,33,38,42,52,42,39,39,31,28,31,31,32,35,25
ZMB,Zambia,32416,Press Freedom Index,Total,26.75,23.25,29.75,23,22.5,21.5,15.5,26.75,22,30,72.07,69.11,65.65,64.92,63.52,64.64,63.62,63,61.79,55.4,59.41
ZMB,Zambia,32417,Press Freedom Rank,Total,81,86,100,90,94,68,74,97,82,89,72,93,113,114,114,113,119,120,115,109,87
ZWE,Zimbabwe,32416,Press Freedom Index,Total,48.25,45.5,67.5,64.25,50,62,54,46.5,39.5,55,61.88,60.81,60.81,59.59,58.56,59.47,57.77,59.05,56.88,44.94,48.17
ZWE,Zimbabwe,32417,Press Freedom Rank,Total,123,141,155,153,140,149,151,136,123,121,133,135,131,124,128,126,127,126,130,137,126
