"0","lagoon_data %>% "
"0","    mutate(site = factor(site)) %>% "
"0","    mutate(site = fct_reorder(site, enterococci_cfu_100ml, my_median)) %>% "
"0","    "
"0","    ggplot(mapping = aes(x = site, "
"0","                         y = enterococci_cfu_100ml)) + "
"0","    geom_boxplot(show.legend = FALSE) + "
"0","    theme_minimal() + "
"0","    scale_y_log10() + "
"0","    coord_flip() + "
"0","    labs(x = """", y = ""Enterococci Concentration per 100ml"","
"0","         title = ""Which Sites Have the Worst Water Quality?"","
"0","         subtitle = ""We use data from the NSW Department of Planning and \n Environment to assess the quality \n of water in the Narrabeen Lagoon. \n We use Enterococci concentration \n to proxy water impurity. Birdwood park and Bilarong reserve have the worst water quality"")"
