{"chunk_definitions":[{"row":34,"row_count":1,"visible":true,"expansion_state":0,"options":{"engine":"r","label":"setup","include":false},"document_id":"067A7563","chunk_id":"csetup_chunk","chunk_label":"setup"},{"row":79,"row_count":1,"visible":true,"expansion_state":0,"options":{"engine":"r","echo":false,"label":"unnamed-chunk-1"},"document_id":"067A7563","chunk_id":"c4irweka8rnik","chunk_label":"unnamed-chunk-1"},{"row":93,"row_count":1,"visible":true,"expansion_state":0,"options":{"engine":"r","label":"unnamed-chunk-3"},"document_id":"067A7563","chunk_id":"cyct83pk3hpd4","chunk_label":"unnamed-chunk-2"},{"row":101,"row_count":1,"visible":true,"expansion_state":0,"options":{"engine":"r","label":"unnamed-chunk-4"},"document_id":"067A7563","chunk_id":"cex8g96mjn3am","chunk_label":"unnamed-chunk-3"},{"row":106,"row_count":1,"visible":true,"expansion_state":0,"options":{"engine":"r","label":"unnamed-chunk-5"},"document_id":"067A7563","chunk_id":"cor4yapdavpbr","chunk_label":"unnamed-chunk-4"},{"row":120,"row_count":1,"visible":true,"expansion_state":0,"options":{"engine":"r","label":"unnamed-chunk-6"},"document_id":"067A7563","chunk_id":"ce4ms1cvuwy3g","chunk_label":"unnamed-chunk-5"},{"row":138,"row_count":1,"visible":true,"expansion_state":0,"options":{"engine":"r","fig.cap":"Figure 2: Water Quality by Site","fig.idth":12,"label":"unnamed-chunk-7"},"document_id":"067A7563","chunk_id":"c2zhnyyxtrs13","chunk_label":"unnamed-chunk-6"},{"row":146,"row_count":1,"visible":true,"expansion_state":0,"options":{"engine":"r","label":"unnamed-chunk-8"},"document_id":"067A7563","chunk_id":"cv0ga69gsgdl2","chunk_label":"unnamed-chunk-7"},{"row":174,"row_count":1,"visible":true,"expansion_state":0,"options":{"engine":"r","label":"unnamed-chunk-10"},"document_id":"4B8B06E6","chunk_id":"c2eagr5bm96uv","chunk_label":"unnamed-chunk-8"}],"doc_write_time":1666712775,"working_dir":null,"default_chunk_options":{"echo":true,"warning":false,"message":false}}