{"chunk_definitions":[{"row":62,"row_count":1,"visible":true,"expansion_state":0,"options":{"engine":"r","label":"setup","include":false,"dev":"png"},"document_id":"678B197C","chunk_id":"csetup_chunk","chunk_label":"setup"},{"row":83,"row_count":1,"visible":true,"expansion_state":0,"options":{"engine":"r","label":"unnamed-chunk-1","dev":"png"},"document_id":"678B197C","chunk_id":"cqrqppbpsi33i","chunk_label":"unnamed-chunk-1"},{"row":99,"row_count":1,"visible":true,"expansion_state":0,"options":{"engine":"r","label":"unnamed-chunk-2","dev":"png"},"document_id":"678B197C","chunk_id":"c5cx0kz3nnq9f","chunk_label":"unnamed-chunk-2"},{"row":123,"row_count":1,"visible":true,"expansion_state":0,"options":{"engine":"r","label":"unnamed-chunk-3","dev":"png"},"document_id":"678B197C","chunk_id":"c94fqgfunnak6","chunk_label":"unnamed-chunk-3"},{"row":149,"row_count":1,"visible":true,"expansion_state":0,"options":{"engine":"r","label":"unnamed-chunk-4","dev":"png"},"document_id":"678B197C","chunk_id":"cebh4eq92idgr","chunk_label":"unnamed-chunk-4"},{"row":161,"row_count":1,"visible":true,"expansion_state":0,"options":{"engine":"r","fig.height":8,"fig.width":12,"fig.cap":"Pairs Plot","label":"unnamed-chunk-5","dev":"png"},"document_id":"678B197C","chunk_id":"cre767kdrfjh9","chunk_label":"unnamed-chunk-5"},{"row":185,"row_count":1,"visible":true,"expansion_state":0,"options":{"engine":"r","fig.cap":"Maths Score vs Parents Level of Education","label":"unnamed-chunk-6","dev":"png"},"document_id":"678B197C","chunk_id":"cizvshv13kken","chunk_label":"unnamed-chunk-6"},{"row":198,"row_count":1,"visible":true,"expansion_state":0,"options":{"engine":"r","label":"unnamed-chunk-7","dev":"png"},"document_id":"678B197C","chunk_id":"c4c7z2a1jctrn","chunk_label":"unnamed-chunk-7"},{"row":214,"row_count":1,"visible":true,"expansion_state":0,"options":{"engine":"r","label":"unnamed-chunk-8","dev":"png"},"document_id":"678B197C","chunk_id":"cvmwf5omqn3yn","chunk_label":"unnamed-chunk-8"},{"row":239,"row_count":1,"visible":true,"expansion_state":0,"options":{"engine":"r","label":"unnamed-chunk-9","dev":"png"},"document_id":"678B197C","chunk_id":"celo0maqyov9n","chunk_label":"unnamed-chunk-9"},{"row":247,"row_count":1,"visible":true,"expansion_state":0,"options":{"engine":"r","label":"unnamed-chunk-10","dev":"png"},"document_id":"678B197C","chunk_id":"c9vqovhjshfit","chunk_label":"unnamed-chunk-10"},{"row":266,"row_count":1,"visible":true,"expansion_state":0,"options":{"engine":"r","label":"unnamed-chunk-11","dev":"png"},"document_id":"678B197C","chunk_id":"coh4ue0cvvm02","chunk_label":"unnamed-chunk-11"},{"row":299,"row_count":1,"visible":true,"expansion_state":0,"options":{"engine":"r","label":"unnamed-chunk-12","dev":"png"},"document_id":"678B197C","chunk_id":"cj2ad0c9fo1mi","chunk_label":"unnamed-chunk-12"},{"row":319,"row_count":1,"visible":true,"expansion_state":0,"options":{"engine":"r","label":"unnamed-chunk-13","dev":"png"},"document_id":"678B197C","chunk_id":"cj777ivyhzf6y","chunk_label":"unnamed-chunk-13"},{"row":335,"row_count":1,"visible":true,"expansion_state":0,"options":{"engine":"r","label":"unnamed-chunk-14","dev":"png"},"document_id":"678B197C","chunk_id":"ccpxvbwb8u8cd","chunk_label":"unnamed-chunk-14"},{"row":371,"row_count":1,"visible":true,"expansion_state":0,"options":{"engine":"r","fig.cap":"Box Plot of Math Scores by Race","label":"unnamed-chunk-15","dev":"png"},"document_id":"678B197C","chunk_id":"c38v3jpy80b2t","chunk_label":"unnamed-chunk-15"},{"row":381,"row_count":1,"visible":true,"expansion_state":0,"options":{"engine":"r","fig.cap":"Distribution of Maths Scores by Race","label":"unnamed-chunk-16","dev":"png"},"document_id":"678B197C","chunk_id":"cbiak78rqr7iw","chunk_label":"unnamed-chunk-16"},{"row":388,"row_count":1,"visible":true,"expansion_state":0,"options":{"engine":"r","label":"unnamed-chunk-17","dev":"png"},"document_id":"678B197C","chunk_id":"czxnh5cij90q4","chunk_label":"unnamed-chunk-17"},{"row":409,"row_count":1,"visible":true,"expansion_state":0,"options":{"engine":"r","results":"asis","label":"unnamed-chunk-19","dev":"png"},"document_id":"678B197C","chunk_id":"ciuxzxvg4324w","chunk_label":"unnamed-chunk-18"},{"row":417,"row_count":1,"visible":true,"expansion_state":0,"options":{"engine":"r","results":"asis","label":"unnamed-chunk-20","dev":"png"},"document_id":"678B197C","chunk_id":"c9czskpg8y2mx","chunk_label":"unnamed-chunk-19"}],"doc_write_time":1704612122,"working_dir":null,"default_chunk_options":{"echo":true,"warning":false,"message":false},"chunk_rendered_width":700}