Issue Date,Issue No,Tenor,Weighted Average Rate
10/04/2023,2520,91,10.004
10/04/2023,2493,182,10.368
10/04/2023,2446,364,10.857
03/04/2023,2519,91,9.907
03/04/2023,2492,182,10.399
03/04/2023,2445,364,10.8
27/03/2023,2518,91,9.829
27/03/2023,2491,182,10.344
27/03/2023,2444,364,10.787
20/03/2023,2517,91,9.78
20/03/2023,2490,182,10.285
20/03/2023,2443,364,10.777
13/03/2023,2516,91,9.742
13/03/2023,2489,182,10.216
13/03/2023,2442,364,10.747
06/03/2023,2515,91,9.698
06/03/2023,2488,182,10.165
06/03/2023,2441,364,10.69
27/02/2023,2514,91,9.655
27/02/2023,2487,182,10.117
27/02/2023,2440,364,10.676
20/02/2023,2513,91,9.623
20/02/2023,2486,182,10.079
20/02/2023,2439,364,10.638
13/02/2023,2512,91,9.601
13/02/2023,2485,182,10.042
13/02/2023,2438,364,10.603
06/02/2023,2511,91,9.581
06/02/2023,2484,182,9.997
06/02/2023,2437,364,10.55
30/01/2023,2510,91,9.538
30/01/2023,2483,182,9.954
30/01/2023,2436,364,10.504
23/01/2023,2509,91,9.474
23/01/2023,2482,182,9.891
23/01/2023,2435,364,10.47
16/01/2023,2508,91,9.425
16/01/2023,2481,182,9.859
16/01/2023,2434,364,10.432
09/01/2023,2507,91,9.392
09/01/2023,2480,182,9.847
09/01/2023,2433,364,10.369
02/01/2023,2506,91,9.369
02/01/2023,2479,182,9.834
02/01/2023,2432,364,10.308
26/12/2022,2505,91,9.37
26/12/2022,2478,364,9.825
26/12/2022,2431,364,10.31
19/12/2022,2504,91,9.356
19/12/2022,2477,182,9.821
19/12/2022,2430,364,10.299
12/12/2022,2503,91,9.327
12/12/2022,2476,182,9.796
12/12/2022,2429,364,10.245
05/12/2022,2502,91,9.275
05/12/2022,2475,182,9.752
05/12/2022,2428,364,10.225
28/11/2022,2501,91,9.237
28/11/2022,2474,182,9.733
28/11/2022,2426,364,10.219
21/11/2022,2500,91,9.191
21/11/2022,2473,182,9.721
21/11/2022,2425,364,10.181
14/11/2022,2499,91,9.173
14/11/2022,2472,182,9.706
14/11/2022,2424,364,10.186
07/11/2022,2498,91,9.139
07/11/2022,2471,182,9.691
07/11/2022,2423,364,10.109
31/10/2022,2497,91,9.127
31/10/2022,2470,182,9.678
31/10/2022,2422,364,9.965
24/10/2022,2496,91,9.1
24/10/2022,2469,182,9.664
24/10/2022,2421,364,9.928
17/10/2022,2495,91,9.058
17/10/2022,2468,182,9.656
17/10/2022,2420,364,9.91
10/10/2022,2494,91,9.036
10/10/2022,2467,182,9.639
10/10/2022,2419,364,9.905
03/10/2022,2493,91,8.952
03/10/2022,2466,182,9.631
03/10/2022,2418,364,9.905
26/09/2022,2492,91,8.951
26/09/2022,2465,182,9.625
26/09/2022,2417,364,9.909
19/09/2022,2491,91,8.95
19/09/2022,2464,182,9.615
19/09/2022,2416,364,9.913
12/09/2022,2490,91,8.91
12/09/2022,2463,182,9.599
12/09/2022,2415,364,9.915
05/09/2022,2489,91,8.86
05/09/2022,2462,182,9.576
05/09/2022,2414,364,9.876
29/08/2022,2488,91,8.767
29/08/2022,2461,182,9.532
29/08/2022,2413,364,9.91
22/08/2022,2487,91,8.669
22/08/2022,2460,182,9.492
22/08/2022,2412,364,9.909
15/08/2022,2486,91,8.565
15/08/2022,2459,182,9.433
15/08/2022,2411,364,9.922
08/08/2022,2485,91,8.473
08/08/2022,2458,182,9.4
08/08/2022,2410,364,9.92
01/08/2022,2484,91,8.399
01/08/2022,2457,182,9.392
01/08/2022,2409,364,9.946
25/07/2022,2483,91,8.322
25/07/2022,2456,182,9.393
25/07/2022,2408,364,9.968
18/07/2022,2482,91,8.248
18/07/2022,2455,182,9.305
18/07/2022,2407,364,9.986
11/07/2022,2481,91,8.167
11/07/2022,2454,182,9.253
11/07/2022,2406,364,9.98
04/07/2022,2480,91,8.097
04/07/2022,2453,182,9.196
04/07/2022,2405,364,9.985
27/06/2022,2479,91,8.013
27/06/2022,2452,182,9.163
27/06/2022,2404,364,9.974
20/06/2022,2478,91,7.925
20/06/2022,2451,182,9.096
20/06/2022,2403,364,9.961
13/06/2022,2477,91,7.866
13/06/2022,2450,182,9.037
13/06/2022,2402,364,9.952
06/06/2022,2476,91,7.811
06/06/2022,2449,182,8.974
06/06/2022,2401,364,9.935
30/05/2022,2475,91,7.744
30/05/2022,2448,182,8.901
30/05/2022,2400,364,9.881
23/05/2022,2474,91,7.758
23/05/2022,2447,182,8.832
23/05/2022,2399,364,9.879
16/05/2022,2473,91,7.683
16/05/2022,2446,182,8.722
16/05/2022,2398,364,9.86
09/05/2022,2472,91,7.58
09/05/2022,2445,182,8.542
09/05/2022,2397,364,9.84
02/05/2022,2471,91,7.497
02/05/2022,2444,182,8.458
02/05/2022,2396,364,9.776
25/04/2022,2470,91,7.448
25/04/2022,2443,182,8.373
25/04/2022,2395,364,9.755
18/04/2022,2469,91,7.424
18/04/2022,2442,182,8.315
18/04/2022,2394,364,9.745
11/04/2022,2468,91,7.377
11/04/2022,2441,182,8.219
11/04/2022,2393,364,9.743
04/04/2022,2467,91,7.302
04/04/2022,2440,182,8.164
04/04/2022,2392,364,9.752
28/03/2022,2466,91,7.283
28/03/2022,2439,182,8.134
28/03/2022,2391,364,9.767
21/03/2022,2465,91,7.252
21/03/2022,2438,182,8.093
21/03/2022,2390,364,9.763
14/03/2022,2464,91,7.206
14/03/2022,2437,182,8.032
14/03/2022,2389,364,9.771
07/03/2022,2463,91,7.265
07/03/2022,2436,182,8.063
07/03/2022,2388,364,9.774
28/02/2022,2462,91,7.254
28/02/2022,2435,182,8.062
28/02/2022,2387,364,9.764
21/02/2022,2461,91,7.25
21/02/2022,2434,182,8.075
21/02/2022,2386,364,9.724
14/02/2022,2460,91,7.285
14/02/2022,2433,182,8.108
14/02/2022,2385,364,9.668
07/02/2022,2459,91,7.317
07/02/2022,2432,182,8.095
07/02/2022,2384,364,9.594
31/01/2022,2458,91,7.343
31/01/2022,2431,182,8.112
31/01/2022,2383,364,9.544
24/01/2022,2457,91,7.331
24/01/2022,2430,182,8.069
24/01/2022,2382,364,9.51
17/01/2022,2456,91,7.309
17/01/2022,2429,182,8.081
17/01/2022,2381,364,9.474
10/01/2022,2455,91,7.345
10/01/2022,2428,182,8.041
10/01/2022,2380,364,9.444
03/01/2022,2454,91,7.271
03/01/2022,2427,182,8.095
03/01/2022,2379,364,9.367
27/12/2021,2453,91,7.264
27/12/2021,2426,182,7.982
27/12/2021,2378,364,9.265
20/12/2021,2452,91,7.265
20/12/2021,2425,182,7.977
20/12/2021,2377,364,9.164
13/12/2021,2451,91,7.28
13/12/2021,2424,182,7.984
13/12/2021,2376,364,9.091
06/12/2021,2450,91,7.232
06/12/2021,2423,182,7.854
06/12/2021,2375,364,9.016
29/11/2021,2449,91,7.181
29/11/2021,2422,182,7.835
29/11/2021,2372,364,8.944
22/11/2021,2448,91,7.114
22/11/2021,2421,182,7.747
22/11/2021,2371,364,8.84
15/11/2021,2447,91,7.07
15/11/2021,2420,182,7.683
15/11/2021,2370,364,8.745
08/11/2021,2446,91,7.097
08/11/2021,2419,182,7.554
08/11/2021,2369,364,8.624
01/11/2021,2445,91,7.04
01/11/2021,2418,182,7.486
01/11/2021,2368,364,8.489
25/10/2021,2444,91,7.02
25/10/2021,2417,182,7.417
25/10/2021,2367,364,8.355
18/10/2021,2443,91,6.952
18/10/2021,2416,182,7.428
18/10/2021,2366,364,8.225
11/10/2021,2442,91,6.935
11/10/2021,2415,182,7.316
11/10/2021,2365,364,8.028
04/10/2021,2441,91,6.895
04/10/2021,2414,182,7.282
04/10/2021,2364,364,7.949
27/09/2021,2440,91,6.896
27/09/2021,2413,182,7.282
27/09/2021,2363,364,7.89
20/09/2021,2439,91,6.87
20/09/2021,2412,182,7.25
20/09/2021,2362,364,7.845
13/09/2021,2438,91,6.781
13/09/2021,2411,182,7.253
13/09/2021,2361,364,7.777
06/09/2021,2437,91,6.774
06/09/2021,2410,182,7.226
06/09/2021,2360,364,7.517
30/08/2021,2436,91,6.741
30/08/2021,2409,182,7.195
30/08/2021,2359,364,7.492
23/08/2021,2435,91,6.599
23/08/2021,2408,182,7.104
23/08/2021,2358,364,7.42
16/08/2021,2434,91,6.527
16/08/2021,2407,182,7.117
16/08/2021,2357,364,7.418
09/08/2021,2433,91,6.513
09/08/2021,2406,182,7.046
09/08/2021,2356,364,7.418
02/08/2021,2432,91,6.486
02/08/2021,2405,182,6.966
02/08/2021,2355,364,7.426
26/07/2021,2431,91,6.477
26/07/2021,2404,182,6.955
26/07/2021,2354,364,7.432
19/07/2021,2430,91,6.52
19/07/2021,2403,182,6.984
19/07/2021,2353,364,7.506
12/07/2021,2429,91,6.614
12/07/2021,2402,182,7.101
12/07/2021,2352,364,7.576
05/07/2021,2428,91,6.728
05/07/2021,2401,182,7.228
05/07/2021,2351,364,7.661
28/06/2021,2427,91,6.86
28/06/2021,2400,182,7.317
28/06/2021,2350,364,7.729
21/06/2021,2426,91,7
21/06/2021,2399,182,7.536
21/06/2021,2349,364,8.105
14/06/2021,2425,91,7.104
14/06/2021,2398,182,7.731
14/06/2021,2348,364,8.648
07/06/2021,2424,91,7.137
07/06/2021,2397,182,7.818
07/06/2021,2347,364,8.973
31/05/2021,2423,91,7.139
31/05/2021,2396,182,7.865
31/05/2021,2346,364,9.156
24/05/2021,2422,91,7.155
24/05/2021,2395,182,7.953
24/05/2021,2345,364,9.284
17/05/2021,2421,91,7.156
17/05/2021,2394,182,7.995
17/05/2021,2344,364,9.365
10/05/2021,2420,91,7.152
10/05/2021,2393,182,7.99
10/05/2021,2343,364,9.424
03/05/2021,2419,91,7.139
03/05/2021,2392,182,7.989
03/05/2021,2342,364,9.474
26/04/2021,2418,91,7.115
26/04/2021,2391,182,7.925
26/04/2021,2340,364,9.46
19/04/2021,2417,91,7.108
19/04/2021,2390,182,7.938
19/04/2021,2339,364,9.403
12/04/2021,2416,91,7.096
12/04/2021,2389,182,7.914
12/04/2021,2338,364,9.366
05/04/2021,2415,91,7.085
05/04/2021,2388,182,7.91
05/04/2021,2337,364,9.308
29/03/2021,2414,91,7.087
29/03/2021,2387,182,7.89
29/03/2021,2336,364,9.259
22/03/2021,2413,91,7.071
22/03/2021,2386,182,7.884
22/03/2021,2335,364,9.213
15/03/2021,2412,91,7.024
15/03/2021,2385,182,7.832
15/03/2021,2334,364,9.144
08/03/2021,2411,91,7.024
08/03/2021,2384,182,7.765
08/03/2021,2333,364,9.071
01/03/2021,2410,91,6.931
01/03/2021,2383,182,7.722
01/03/2021,2332,364,9.014
22/02/2021,2409,91,6.911
22/02/2021,2382,182,7.684
22/02/2021,2331,364,8.931
15/02/2021,2408,91,6.905
15/02/2021,2381,182,7.644
15/02/2021,2330,364,8.824
08/02/2021,2407,91,6.873
08/02/2021,2380,182,7.594
08/02/2021,2329,364,8.716
01/02/2021,2406,91,6.897
01/02/2021,2379,182,7.578
01/02/2021,2328,364,8.623
25/01/2021,2405,91,6.983
25/01/2021,2378,182,7.508
25/01/2021,2327,364,8.508
18/01/2021,2404,91,6.884
18/01/2021,2377,182,7.522
18/01/2021,2326,364,8.445
11/01/2021,2403,91,6.895
11/01/2021,2376,182,7.479
11/01/2021,2325,364,8.363
04/01/2021,2402,91,6.906
04/01/2021,2375,182,7.4
04/01/2021,2324,364,8.348
28/12/2020,2401,91,6.929
28/12/2020,2374,182,7.403
28/12/2020,2323,364,8.338
21/12/2020,2400,91,6.916
21/12/2020,2373,182,7.399
21/12/2020,2322,364,8.283
14/12/2020,2399,91,6.901
14/12/2020,2372,182,7.363
14/12/2020,2321,364,8.246
07/12/2020,2398,91,6.861
07/12/2020,2371,182,7.333
07/12/2020,2320,364,8.204
30/11/2020,2397,91,6.73
30/11/2020,2370,182,7.193
30/11/2020,2317,364,8.151
23/11/2020,2396,91,6.706
23/11/2020,2369,182,7.152
23/11/2020,2316,364,8.094
16/11/2020,2395,91,6.674
16/11/2020,2368,182,7.114
16/11/2020,2315,364,8.042
09/11/2020,2394,91,6.666
09/11/2020,2367,182,7.072
09/11/2020,2314,364,7.994
02/11/2020,2393,91,6.653
02/11/2020,2366,182,7.038
02/11/2020,2313,364,7.933
26/10/2020,2392,91,6.589
26/10/2020,2365,182,6.967
26/10/2020,2312,364,7.84
19/10/2020,2391,91,6.52
19/10/2020,2364,182,6.909
19/10/2020,2311,364,7.8
12/10/2020,2390,91,6.468
12/10/2020,2363,182,6.853
12/10/2020,2310,364,7.762
05/10/2020,2389,91,6.4
05/10/2020,2362,182,6.839
05/10/2020,2309,364,7.744
28/09/2020,2388,91,6.309
28/09/2020,2361,182,6.773
28/09/2020,2308,364,7.69
21/09/2020,2387,91,6.273
21/09/2020,2360,182,6.72
21/09/2020,2307,364,7.571
14/09/2020,2386,91,6.267
14/09/2020,2359,182,6.689
14/09/2020,2306,364,7.564
07/09/2020,2385,91,6.295
07/09/2020,2358,182,6.627
07/09/2020,2305,364,7.554
31/08/2020,2384,91,6.273
31/08/2020,2357,182,6.625
31/08/2020,2304,364,7.507
24/08/2020,2383,91,6.257
24/08/2020,2356,182,6.6
24/08/2020,2303,364,7.508
17/08/2020,2382,91,6.2
17/08/2020,2355,182,6.561
17/08/2020,2302,364,7.517
10/08/2020,2381,91,6.123
10/08/2020,2354,182,6.549
10/08/2020,2301,364,7.455
03/08/2020,2380,91,6.121
03/08/2020,2353,182,6.455
03/08/2020,2300,364,7.391
27/07/2020,2379,91,6.112
27/07/2020,2352,182,6.44
27/07/2020,2299,364,7.37
20/07/2020,2378,91,6.011
20/07/2020,2351,182,6.524
20/07/2020,2298,364,7.464
13/07/2020,2377,91,6.274
13/07/2020,2350,182,6.759
13/07/2020,2297,364,7.7
06/07/2020,2376,91,6.546
06/07/2020,2349,182,7.048
06/07/2020,2296,364,7.769
29/06/2020,2375,91,6.7
29/06/2020,2348,182,7.395
29/06/2020,2294,364,8.194
22/06/2020,2374,91,7.089
22/06/2020,2347,182,7.739
22/06/2020,2294,364,8.667
15/06/2020,2373,91,7.259
15/06/2020,2346,182,8.06
15/06/2020,2293,364,9.03
08/06/2020,2372,91,7.325
08/06/2020,2345,182,8.2
08/06/2020,2292,364,9.165
01/06/2020,2371,91,7.333
01/06/2020,2344,182,8.248
01/06/2020,2291,364,9.198
25/05/2020,2370,91,7.319
25/05/2020,2343,182,8.227
25/05/2020,2290,364,9.195
18/05/2020,2369,91,7.266
18/05/2020,2342,182,8.192
18/05/2020,2289,364,9.173
11/05/2020,2368,91,7.253
11/05/2020,2341,182,8.151
11/05/2020,2288,364,9.161
04/05/2020,2367,91,7.242
04/05/2020,2340,182,8.134
04/05/2020,2287,364,9.115
27/04/2020,2366,91,7.212
27/04/2020,2339,182,8.121
27/04/2020,2285,364,9.11
20/04/2020,2365,91,7.201
20/04/2020,2338,182,8.089
20/04/2020,2284,364,9.091
13/04/2020,2364,91,7.209
13/04/2020,2337,182,8.106
13/04/2020,2283,364,9.04
06/04/2020,2363,91,7.22
06/04/2020,2336,182,8.145
06/04/2020,2282,364,9.049
30/03/2020,2362,91,7.24
30/03/2020,2335,182,8.118
30/03/2020,2281,364,9.045
23/03/2020,2361,91,7.275
23/03/2020,2334,182,8.03
23/03/2020,2280,364,9.051
16/03/2020,2360,91,7.313
16/03/2020,2333,182,8.104
16/03/2020,2279,364,9.1
09/03/2020,2359,91,7.31
09/03/2020,2332,182,8.186
09/03/2020,2278,364,9.312
02/03/2020,2358,91,7.315
02/03/2020,2331,182,8.235
02/03/2020,2277,364,9.5
24/02/2020,2357,91,7.319
24/02/2020,2330,182,8.258
24/02/2020,2276,364,9.799
17/02/2020,2356,91,7.314
17/02/2020,2329,182,8.258
17/02/2020,2275,364,9.85
10/02/2020,2355,91,7.3
10/02/2020,2328,182,8.248
10/02/2020,2274,364,9.873
03/02/2020,2354,91,7.296
03/02/2020,2327,182,8.229
03/02/2020,2273,364,9.879
27/01/2020,2353,91,7.279
27/01/2020,2326,182,8.212
27/01/2020,2272,364,9.859
20/01/2020,2352,91,7.232
20/01/2020,2325,182,8.167
20/01/2020,2271,364,9.842
13/01/2020,2351,91,7.2
13/01/2020,2324,182,8.142
13/01/2020,2270,364,9.833
06/01/2020,2350,91,7.2
06/01/2020,2323,182,8.147
06/01/2020,2269,364,9.828
30/12/2019,2349,91,7.2
30/12/2019,2322,182,8.15
30/12/2019,2267,364,9.815
23/12/2019,2348,91,7.177
23/12/2019,2321,182,8.125
23/12/2019,2266,364,9.789
16/12/2019,2347,91,7.151
16/12/2019,2320,182,8.107
16/12/2019,2265,364,9.798
09/12/2019,2346,91,7.162
09/12/2019,2319,182,8.201
09/12/2019,2264,364,9.803
02/12/2019,2345,91,7.162
02/12/2019,2318,182,8.204
02/12/2019,2264,364,9.8
25/11/2019,2344,91,7.131
25/11/2019,2317,182,8.215
25/11/2019,2261,364,9.804
18/11/2019,2343,91,6.68
18/11/2019,2316,182,7.774
18/11/2019,2260,364,9.784
11/11/2019,2315,182,7.261
11/11/2019,2259,364,9.787
04/11/2019,2341,91,6.39
04/11/2019,2314,182,7.189
04/11/2019,2258,364,9.78
04/11/2019,2341,91,6.39
28/10/2019,2340,91,6.424
28/10/2019,2313,182,7.223
28/10/2019,2257,364,9.78
21/10/2019,2339,91,6.362
21/10/2019,2312,182,7.241
21/10/2019,2256,364,9.787
14/10/2019,2338,91,6.369
14/10/2019,2311,182,7.25
14/10/2019,2255,364,9.792
07/10/2019,2337,91,6.378
07/10/2019,2310,182,7.2
07/10/2019,2254,364,9.798
30/09/2019,2336,91,6.307
30/09/2019,2309,182,7.175
30/09/2019,2253,364,9.777
23/09/2019,2335,91,6.368
23/09/2019,2308,182,7.15
23/09/2019,2252,364,9.705
16/09/2019,2334,91,6.315
16/09/2019,2307,182,7.143
16/09/2019,2251,364,9.582
09/09/2019,2333,91,6.375
09/09/2019,2306,182,6.995
09/09/2019,2250,364,9.52
02/09/2019,2332,91,6.385
02/09/2019,2305,182,7.011
02/09/2019,2249,364,9.392
26/08/2019,2331,91,6.398
26/08/2019,2304,182,7.02
26/08/2019,2248,364,9.248
19/08/2019,2330,91,6.355
19/08/2019,2303,182,7.052
19/08/2019,2247,364,9.195
12/08/2019,2329,91,6.449
12/08/2019,2302,182,7.154
12/08/2019,2246,364,9.152
05/08/2019,2328,91,6.547
05/08/2019,2301,182,7.254
05/08/2019,2245,364,9.038
29/07/2019,2327,91,6.592
29/07/2019,2300,182,7.365
29/07/2019,2244,364,8.988
22/07/2019,2326,91,6.498
22/07/2019,2299,182,7.358
22/07/2019,2243,364,8.785
15/07/2019,2325,91,6.6
15/07/2019,2298,182,7.469
15/07/2019,2242,364,8.646
08/07/2019,2324,91,6.685
08/07/2019,2297,182,7.397
08/07/2019,2241,364,8.61
01/07/2019,2323,91,6.738
01/07/2019,2296,182,7.487
01/07/2019,2240,364,8.759
24/06/2019,2322,91,6.814
24/06/2019,2295,182,7.578
24/06/2019,2239,364,9.05
17/06/2019,2321,91,6.895
17/06/2019,2294,182,7.723
17/06/2019,2238,364,9.263
10/06/2019,2320,91,6.915
10/06/2019,2293,182,7.606
10/06/2019,2237,364,9.299
03/06/2019,2319,91,6.995
03/06/2019,2292,182,7.651
03/06/2019,2236,364,9.311
27/05/2019,2318,91,7.085
27/05/2019,2291,182,7.738
27/05/2019,2235,364,9.312
20/05/2019,2317,91,7.16
20/05/2019,2290,182,7.814
20/05/2019,2234,364,9.312
13/05/2019,2289,182,7.897
13/05/2019,2233,364,9.316
13/05/2019,2316,91,7.196
06/05/2019,2315,91,7.25
06/05/2019,2288,182,7.958
06/05/2019,2232,364,9.32
29/04/2019,2314,91,7.298
29/04/2019,2287,182,8.006
29/04/2019,2230,364,9.315
22/04/2019,2313,91,7.305
22/04/2019,2286,182,8.042
22/04/2019,2229,364,9.354
15/04/2019,2312,91,7.397
15/04/2019,2285,182,8.09
15/04/2019,2228,364,9.371
08/04/2019,2311,91,7.444
08/04/2019,2284,182,8.189
08/04/2019,2227,364,9.385
01/04/2019,2310,91,7.5
01/04/2019,2283,182,8.204
01/04/2019,2226,364,9.408
25/03/2019,2309,91,7.697
25/03/2019,2282,182,8.226
25/03/2019,2225,364,9.409
18/03/2019,2308,91,6.837
18/03/2019,2281,182,8.27
18/03/2019,2224,364,9.439
11/03/2019,2307,91,6.883
11/03/2019,2280,182,8.316
11/03/2019,2223,364,9.469
04/03/2019,2306,91,6.886
04/03/2019,2279,182,8.317
04/03/2019,2222,364,9.476
25/02/2019,2305,91,6.963
25/02/2019,2221,364,9.492
25/02/2019,2278,182,8.375
18/02/2019,2304,91,7.016
18/02/2019,2277,182,8.483
18/02/2019,2220,364,9.551
11/02/2019,2303,91,7.04
11/02/2019,2219,182,8.567
11/02/2019,2219,364,9.644
04/02/2019,2302,91,7.061
04/02/2019,2275,182,8.78
04/02/2019,2218,364,9.856
28/01/2019,2301,91,7.122
28/01/2019,2274,182,8.833
28/01/2019,2217,364,9.905
21/01/2019,2300,91,7.134
21/01/2019,2273,182,8.927
21/01/2019,2216,364,9.953
14/01/2019,2299,91,7.2
14/01/2019,2272,182,8.935
14/01/2019,2215,364,9.958
07/01/2019,2298,91,7.316
07/01/2019,2271,182,8.997
07/01/2019,2214,364,10.011
31/12/2018,2297,91,7.342
31/12/2018,2270,182,9.002
31/12/2018,2212,364,9.952
24/12/2018,2296,91,7.341
24/12/2018,2269,182,8.257
24/12/2018,2211,364,9.735
17/12/2018,2295,91,7.348
17/12/2018,2268,182,8.24
17/12/2018,2211,364,9.591
10/12/2018,2294,91,7.343
10/12/2018,2267,182,8.239
10/12/2018,2209,364,9.573
03/12/2018,2293,91,7.342
03/12/2018,2266,182,8.242
03/12/2018,2208,364,9.564
26/11/2018,2292,91,7.342
26/11/2018,2265,182,8.245
26/11/2018,2206,364,9.57
19/11/2018,2291,91,7.347
19/11/2018,2264,182,8.32
19/11/2018,2205,364,9.512
12/11/2018,2290,91,7.349
12/11/2018,2263,182,8.302
12/11/2018,2204,364,9.52
05/11/2018,2289,91,7.387
05/11/2018,2262,182,8.317
05/11/2018,2203,364,9.519
29/10/2018,2288,91,7.494
29/10/2018,2261,182,8.386
29/10/2018,2202,364,9.524
22/10/2018,2287,91,7.507
22/10/2018,2260,182,8.45
22/10/2018,2201,364,9.579
15/10/2018,2286,91,7.594
15/10/2018,2259,182,8.5
15/10/2018,2200,364,9.607
08/10/2018,2285,91,7.6
08/10/2018,2258,182,8.59
08/10/2018,2199,364,9.638
01/10/2018,2284,91,7.609
01/10/2018,2257,182,8.646
01/10/2018,2198,364,9.67
24/09/2018,2283,91,7.618
24/09/2018,2256,182,8.683
24/09/2018,2197,364,9.676
17/09/2018,2282,91,7.642
17/09/2018,2255,182,8.77
17/09/2018,2196,364,9.735
10/09/2018,2281,91,7.649
10/09/2018,2254,182,8.876
10/09/2018,2195,364,9.825
03/09/2018,2280,91,7.658
03/09/2018,2253,182,8.95
03/09/2018,2194,364,9.906
27/08/2018,2279,91,7.614
27/08/2018,2252,182,8.983
27/08/2018,2193,364,9.941
20/08/2018,2278,91,7.664
20/08/2018,2251,182,9.005
20/08/2018,2192,364,9.984
13/08/2018,2277,91,7.668
13/08/2018,2250,182,9.017
13/08/2018,2191,364,9.99
06/08/2018,2276,91,7.611
06/08/2018,2249,182,9.083
06/08/2018,2190,364,10.008
30/07/2018,2275,91,7.608
30/07/2018,2248,182,9.111
30/07/2018,2189,364,10.088
23/07/2018,2274,91,7.656
23/07/2018,2247,182,9.194
23/07/2018,2188,364,10.238
16/07/2018,2273,91,7.701
16/07/2018,2246,182,9.322
16/07/2018,2187,364,10.381
09/07/2018,2272,91,7.725
09/07/2018,2245,182,9.499
09/07/2018,2186,364,10.442
02/07/2018,2271,91,7.733
02/07/2018,2244,182,9.607
02/07/2018,2185,364,10.488
25/06/2018,2270,91,7.725
25/06/2018,2243,182,9.666
25/06/2018,2184,364,10.537
18/06/2018,2269,91,7.821
18/06/2018,2242,182,9.8
18/06/2018,2183,364,10.706
11/06/2018,2268,91,7.85
11/06/2018,2241,182,10.061
11/06/2018,2182,364,10.949
04/06/2018,2267,91,7.938
04/06/2018,2240,182,10.196
04/06/2018,2181,364,11.083
28/05/2018,2266,91,7.939
28/05/2018,2239,182,10.232
28/05/2018,2180,364,11.111
21/05/2018,2265,91,7.95
21/05/2018,2238,182,10.257
21/05/2018,2179,364,11.127
14/05/2018,2264,91,7.967
14/05/2018,2237,182,10.265
14/05/2018,2178,364,11.141
07/05/2018,2263,91,7.974
07/05/2018,2236,182,10.269
07/05/2018,2177,364,11.145
30/04/2018,2262,91,8
30/04/2018,2235,182,10.268
30/04/2018,2175,364,11.143
23/04/2018,2261,91,8
23/04/2018,2234,182,10.266
23/04/2018,2174,364,11.137
16/04/2018,2260,91,8
16/04/2018,2233,182,10.268
16/04/2018,2173,364,11.135
09/04/2018,2259,91,8.006
09/04/2018,2232,182,10.318
09/04/2018,2172,364,11.12
02/04/2018,2258,91,8
02/04/2018,2231,182,10.384
02/04/2018,2171,364,11.13
26/03/2018,2257,91,8.005
26/03/2018,2230,182,10.385
26/03/2018,2170,364,11.126
19/03/2018,2256,91,8.023
19/03/2018,2229,182,10.401
19/03/2018,2169,364,11.128
12/03/2018,2255,91,8.026
12/03/2018,2228,182,10.385
12/03/2018,2168,364,11.128
05/03/2018,2254,91,8.029
05/03/2018,2227,182,10.393
05/03/2018,2167,364,11.135
26/02/2018,2253,91,8.032
26/02/2018,2226,182,10.395
26/02/2018,2166,364,11.131
19/02/2018,2252,91,8.033
19/02/2018,2225,182,10.403
19/02/2018,2165,364,11.154
12/02/2018,2251,91,8.045
12/02/2018,2224,182,10.424
12/02/2018,2164,364,11.159
05/02/2018,2250,91,8.005
05/02/2018,2223,182,10.438
05/02/2018,2163,364,11.156
29/01/2018,2249,91,8.004
29/01/2018,2222,182,10.564
29/01/2018,2162,364,11.159
22/01/2018,2248,91,8.004
22/01/2018,2221,182,10.641
22/01/2018,2161,364,11.149
15/01/2018,2247,91,8.049
15/01/2018,2220,182,10.661
15/01/2018,2160,364,11.17
08/01/2018,2246,91,8.08
08/01/2018,2219,182,10.685
08/01/2018,2159,364,11.162
01/01/2018,2245,91,8.08
01/01/2018,2218,182,10.649
01/01/2018,2158,364,11.151
25/12/2017,2244,91,8.005
25/12/2017,2217,182,10.583
25/12/2017,2156,364,11.128
18/12/2017,2243,91,8.001
18/12/2017,2155,182,10.529
18/12/2017,2216,364,11.087
11/12/2017,2242,91,8.011
11/12/2017,2215,182,10.522
11/12/2017,2154,364,11.076
04/12/2017,2241,91,8.011
04/12/2017,2214,182,10.478
04/12/2017,2153,364,11.045
27/11/2017,2240,91,8.011
27/11/2017,2213,182,10.481
27/11/2017,2151,364,11.019
20/11/2017,2239,91,8.008
20/11/2017,2212,182,10.483
20/11/2017,2150,364,11.004
13/11/2017,2238,91,8.015
13/11/2017,2211,182,10.488
13/11/2017,2149,364,11
06/11/2017,2237,91,8.015
06/11/2017,2210,182,10.433
06/11/2017,2148,364,10.995
30/10/2017,2236,91,8.011
30/10/2017,2209,182,10.389
30/10/2017,2147,364,10.989
23/10/2017,2235,91,8.078
23/10/2017,2208,182,10.314
23/10/2017,2146,364,10.985
16/10/2017,2234,91,8.097
16/10/2017,2207,182,10.316
16/10/2017,2145,364,10.989
09/10/2017,2233,91,8.129
09/10/2017,2206,182,10.319
09/10/2017,2144,364,10.975
02/10/2017,2232,91,8.13
02/10/2017,2205,182,10.317
02/10/2017,2143,364,10.958
25/09/2017,2231,91,8.129
25/09/2017,2142,182,10.959
25/09/2017,2204,182,10.317
18/09/2017,2230,91,8.134
18/09/2017,2203,182,10.314
18/09/2017,2141,364,10.93
11/09/2017,2229,91,8.13
11/09/2017,2202,182,10.313
11/09/2017,2140,364,10.92
04/09/2017,2228,91,8.139
04/09/2017,2201,182,10.316
04/09/2017,2139,364,10.922
28/08/2017,2227,91,8.148
28/08/2017,2200,182,10.314
28/08/2017,2138,182,10.909
21/08/2017,2226,91,8.153
21/08/2017,2199,182,10.316
21/08/2017,2137,364,10.906
14/08/2017,2225,91,8.199
14/08/2017,2198,182,10.32
14/08/2017,2136,364,10.905
07/08/2017,2224,91,8.196
07/08/2017,2197,182,10.324
07/08/2017,2135,364,10.889
31/07/2017,2223,91,8.202
31/07/2017,2196,182,10.321
31/07/2017,2134,364,10.894
24/07/2017,2222,91,8.205
24/07/2017,2195,182,10.308
24/07/2017,2133,364,10.887
17/07/2017,2221,91,8.205
17/07/2017,2194,182,10.323
17/07/2017,2132,364,10.893
10/07/2017,2220,91,8.221
10/07/2017,2193,182,10.312
10/07/2017,2131,364,10.889
03/07/2017,2219,91,8.284
03/07/2017,2192,182,10.329
03/07/2017,2130,364,10.895
26/06/2017,2218,91,8.31
26/06/2017,2191,182,10.314
26/06/2017,2129,364,10.868
19/06/2017,2217,91,8.325
19/06/2017,2128,364,10.863
19/06/2017,2190,182,10.301
19/06/2017,2217,91,8.325
12/06/2017,2216,91,8.459
12/06/2017,2189,182,10.326
12/06/2017,2127,364,10.885
05/06/2017,2215,91,8.54
05/06/2017,2188,182,10.362
05/06/2017,2126,364,10.914
29/05/2017,2214,91,8.606
29/05/2017,2187,182,10.374
29/05/2017,2125,364,10.914
22/05/2017,2213,91,8.677
22/05/2017,2186,182,10.389
22/05/2017,2124,364,10.914
15/05/2017,2112,91,8.726
15/05/2017,2185,182,10.407
15/05/2017,2123,364,10.929
08/05/2017,2211,91,8.759
08/05/2017,2184,182,10.475
08/05/2017,2122,364,10.926
01/05/2017,2210,91,8.778
01/05/2017,2121,364,10.938
24/04/2017,2209,91,8.779
24/04/2017,2119,364,10.924
17/04/2017,2208,91,8.773
17/04/2017,2118,364,10.925
10/04/2017,2207,91,8.769
10/04/2017,2117,364,10.925
03/04/2017,2206,91,8.756
03/04/2017,2116,364,10.919
06/03/2017,2202,91,8.628
06/03/2017,2183,182,10.525
06/03/2017,2112,364,10.895
27/02/2017,2201,91,8.618
27/02/2017,2182,182,10.529
27/02/2017,2111,364,10.899
20/02/2017,2200,91,8.631
20/02/2017,2181,182,10.524
20/02/2017,2110,364,10.939
13/02/2017,2199,91,8.656
13/02/2017,2180,182,10.521
13/02/2017,2109,364,10.94
30/01/2017,2197,91,8.662
30/01/2017,2178,182,10.535
30/01/2017,2107,364,10.919
23/01/2017,2196,91,8.661
23/01/2017,2106,364,11.004
23/01/2017,2177,182,10.533
16/01/2017,2105,364,10.989
16/01/2017,2176,182,10.463
16/01/2017,2195,91,8.648
09/01/2017,2104,364,11.01
09/01/2017,2175,182,10.467
09/01/2017,2194,91,8.552
02/01/2017,2174,182,10.475
02/01/2017,2193,91,8.553
26/12/2016,2192,91,8.561
26/12/2016,2173,182,10.493
26/12/2016,2101,364,11.024
19/12/2016,2191,91,8.484
19/12/2016,2172,182,10.56
12/12/2016,2190,91,8.359
12/12/2016,2171,182,10.495
12/12/2016,2100,364,11.093
05/12/2016,2189,91,8.362
05/12/2016,2170,182,10.462
05/12/2016,2097,364,10.9
28/11/2016,2169,182,10.371
28/11/2016,2096,364,10.886
28/11/2016,2188,91,8.326
21/11/2016,2187,91,8.331
21/11/2016,2168,182,10.36
21/11/2016,2095,364,10.862
14/11/2016,2167,182,10.302
14/11/2016,2094,364,10.717
14/11/2016,2186,91,7.96
14/11/2016,2186,91,8.23
14/11/2016,2167,182,10.302
14/11/2016,2094,364,10.717
07/11/2016,2166,182,10.296
07/11/2016,2185,91,8.113
07/11/2016,2093,364,10.609
31/10/2016,2184,91,8.03
31/10/2016,2165,182,10.27
31/10/2016,2092,364,10.576
31/10/2016,2165,182,10.27
31/10/2016,2184,91,8.03
31/10/2016,2092,364,10.576
24/10/2016,2183,91,7.696
24/10/2016,2164,182,10.357
24/10/2016,2091,364,10.412
24/10/2016,2183,91,7.696
24/10/2016,2091,364,10.412
24/10/2016,2164,182,10.357
17/10/2016,2163,182,10.292
17/10/2016,2090,364,10.329
17/10/2016,2182,91,7.719
17/10/2016,2163,182,10.292
17/10/2016,2090,364,10.329
17/10/2016,2182,91,7.719
10/10/2016,2181,91,7.759
10/10/2016,2162,182,10.34
10/10/2016,2089,364,10.343
10/10/2016,2089,364,10.343
10/10/2016,2181,91,7.759
10/10/2016,2162,182,10.34
03/10/2016,2161,182,10.416
03/10/2016,2088,364,10.417
03/10/2016,2180,91,7.816
03/10/2016,2088,364,10.417
03/10/2016,2161,182,10.416
03/10/2016,2180,91,7.816
26/09/2016,2179,91,7.89
26/09/2016,2087,364,10.599
26/09/2016,2160,182,10.568
26/09/2016,2160,182,10.568
26/09/2016,2087,364,10.599
26/09/2016,2179,91,7.89
19/09/2016,2178,91,7.986
19/09/2016,2159,182,10.753
19/09/2016,2086,364,10.894
19/09/2016,2086,364,10.894
19/09/2016,2159,182,10.753
19/09/2016,2178,91,7.986
12/09/2016,2177,91,8.087
12/09/2016,2158,182,10.943
12/09/2016,2085,364,11.129
12/09/2016,2177,91,8.087
12/09/2016,2158,182,10.943
12/09/2016,2085,364,11.129
05/09/2016,2176,91,8.258
05/09/2016,2157,182,11.125
05/09/2016,2084,364,11.502
05/09/2016,2176,91,8.258
05/09/2016,2157,182,11.125
05/09/2016,2084,364,11.502
29/08/2016,2175,91,8.607
29/08/2016,2156,182,11.182
29/08/2016,2083,364,11.982
29/08/2016,2083,364,11.982
29/08/2016,2156,182,11.182
29/08/2016,2175,91,8.607
22/08/2016,2174,91,8.609
22/08/2016,2155,182,11.02
22/08/2016,2082,364,11.865
22/08/2016,2082,364,11.865
22/08/2016,2155,182,11.02
22/08/2016,2174,91,8.609
15/08/2016,2173,91,8.541
15/08/2016,2154,182,10.811
15/08/2016,2081,364,11.684
15/08/2016,2081,364,11.684
15/08/2016,2173,91,8.541
15/08/2016,2154,182,10.811
08/08/2016,2172,91,8.349
08/08/2016,2153,182,10.696
08/08/2016,2080,364,11.405
08/08/2016,2153,182,10.696
08/08/2016,2080,364,11.405
08/08/2016,2172,91,8.349
01/08/2016,2171,91,8.293
01/08/2016,2152,182,10.474
01/08/2016,2079,364,11.369
01/08/2016,2152,182,10.474
01/08/2016,2171,91,8.293
01/08/2016,2079,364,11.369
25/07/2016,2170,91,7.919
25/07/2016,2151,182,10.205
25/07/2016,2078,364,11.027
25/07/2016,2151,182,10.205
25/07/2016,2078,364,11.027
25/07/2016,2151,182,10.205
25/07/2016,2078,364,11.027
25/07/2016,2151,182,10.205
25/07/2016,2170,91,7.919
18/07/2016,2169,91,7.649
18/07/2016,2150,182,9.914
18/07/2016,2077,364,10.869
18/07/2016,2077,364,10.869
18/07/2016,2169,91,7.649
18/07/2016,2150,182,9.914
11/07/2016,2168,91,7.027
11/07/2016,2149,182,9.647
11/07/2016,2076,364,10.952
11/07/2016,2076,364,10.952
11/07/2016,2149,182,9.647
11/07/2016,2168,91,7.027
04/07/2016,2167,91,7.045
04/07/2016,2148,182,9.393
04/07/2016,2075,364,10.676
04/07/2016,2075,364,10.676
04/07/2016,2148,182,9.393
04/07/2016,2167,91,7.045
27/06/2016,2166,91,7.059
27/06/2016,2147,182,9.239
27/06/2016,2074,364,10.737
27/06/2016,2074,364,10.737
27/06/2016,2147,182,9.239
27/06/2016,2166,91,7.059
20/06/2016,2165,91,7.161
20/06/2016,2146,182,9.545
20/06/2016,2073,364,10.734
20/06/2016,2073,364,10.734
20/06/2016,2146,182,9.545
20/06/2016,2165,91,7.161
13/06/2016,2164,91,7.303
13/06/2016,2145,182,9.648
13/06/2016,2072,364,10.844
13/06/2016,2145,182,9.648
13/06/2016,2164,91,7.303
13/06/2016,2072,364,10.844
06/06/2016,2163,91,7.477
06/06/2016,2144,182,9.799
06/06/2016,2071,364,11.049
06/06/2016,2071,364,11.049
06/06/2016,2163,91,7.477
06/06/2016,2144,182,9.799
30/05/2016,2162,91,7.711
30/05/2016,2143,182,9.999
30/05/2016,2070,364,11.293
30/05/2016,2162,91,7.711
30/05/2016,2070,364,11.293
30/05/2016,2143,182,9.999
23/05/2016,2161,91,7.998
23/05/2016,2142,182,10.137
23/05/2016,2069,364,11.57
23/05/2016,2142,182,10.137
23/05/2016,2069,364,11.57
23/05/2016,2161,91,7.998
23/05/2016,2142,182,10.137
23/05/2016,2069,364,11.57
16/05/2016,2160,91,8.189
16/05/2016,2141,182,10.273
16/05/2016,2068,364,11.689
16/05/2016,2141,182,10.273
16/05/2016,2068,364,11.689
16/05/2016,2160,91,8.189
09/05/2016,2159,91,8.332
09/05/2016,2140,182,10.366
09/05/2016,2067,364,11.723
09/05/2016,2067,364,11.723
09/05/2016,2159,91,8.332
09/05/2016,2140,182,10.366
02/05/2016,2158,91,8.581
02/05/2016,2139,182,10.453
02/05/2016,2066,364,11.745
02/05/2016,2158,91,8.581
02/05/2016,2139,182,10.453
02/05/2016,2066,364,11.745
25/04/2016,2157,91,8.77
25/04/2016,2138,182,10.691
25/04/2016,2064,364,11.8
25/04/2016,2064,364,11.8
25/04/2016,2157,91,8.77
25/04/2016,2138,182,10.691
18/04/2016,2156,91,8.942
18/04/2016,2137,182,10.938
18/04/2016,2063,364,11.791
18/04/2016,2063,364,11.791
18/04/2016,2137,182,10.938
18/04/2016,2156,91,8.942
11/04/2016,2155,91,9.001
11/04/2016,2136,182,10.833
11/04/2016,2062,364,11.869
11/04/2016,2136,182,10.833
11/04/2016,2062,364,11.869
11/04/2016,2155,91,9.001
04/04/2016,2154,91,8.965
04/04/2016,2135,182,10.729
04/04/2016,2061,364,11.886
04/04/2016,2135,182,10.729
04/04/2016,2061,364,11.886
04/04/2016,2154,91,8.965
28/03/2016,2153,91,8.41
28/03/2016,2134,182,10.662
28/03/2016,2060,364,11.914
28/03/2016,2134,182,10.662
28/03/2016,2153,91,8.41
28/03/2016,2060,364,11.914
21/03/2016,2152,91,8.597
21/03/2016,2133,182,10.499
21/03/2016,2059,364,12.019
21/03/2016,2152,91,8.597
21/03/2016,2133,182,10.499
21/03/2016,2059,364,12.019
14/03/2016,2151,91,8.807
14/03/2016,2132,182,10.89
14/03/2016,2058,364,12.247
14/03/2016,2132,182,10.89
14/03/2016,2058,364,12.247
14/03/2016,2151,91,8.807
14/03/2016,2132,182,10.89
14/03/2016,2058,364,12.247
07/03/2016,2150,91,9.06
07/03/2016,2130,182,11.627
07/03/2016,2057,364,12.838
07/03/2016,2150,91,9.06
07/03/2016,2131,182,11.627
07/03/2016,2057,364,12.838
29/02/2016,2149,91,9.316
29/02/2016,2129,182,11.925
29/02/2016,2056,364,13.25
29/02/2016,2056,364,13.25
29/02/2016,2149,91,9.316
29/02/2016,2130,364,11.925
22/02/2016,2148,91,9.938
22/02/2016,2128,182,13.251
22/02/2016,2055,364,13.406
22/02/2016,2055,364,13.406
22/02/2016,2148,91,9.938
22/02/2016,2129,182,12.476
15/02/2016,2054,364,13.605
15/02/2016,2147,91,10.835
15/02/2016,2054,364,13.605
15/02/2016,2128,182,13.251
11/02/2016,2147,91,10.835
08/02/2016,2053,364,13.964
08/02/2016,2127,182,13.912
08/02/2016,2146,91,11.361
08/02/2016,2053,364,13.964
04/02/2016,2146,91,11.361
03/02/2016,2127,182,13.912
01/02/2016,2145,91,11.702
01/02/2016,2126,182,14.38
01/02/2016,2052,364,14.488
01/02/2016,2052,364,14.488
01/02/2016,2126,182,14.38
01/02/2016,2145,91,11.702
25/01/2016,2144,91,11.756
25/01/2016,2125,182,14.18
25/01/2016,2051,364,14.919
25/01/2016,2125,182,14.18
25/01/2016,2144,91,11.756
25/01/2016,2051,364,14.919
18/01/2016,2143,91,11.434
18/01/2016,2124,182,13.716
18/01/2016,2050,364,14.335
18/01/2016,2143,91,11.434
18/01/2016,2124,182,13.716
18/01/2016,2050,364,14.335
11/01/2016,2142,91,11.398
11/01/2016,2123,182,13.164
11/01/2016,2049,364,13.803
11/01/2016,2123,182,13.164
11/01/2016,2049,364,13.803
11/01/2016,2142,91,11.398
04/01/2016,2141,91,10.845
04/01/2016,2122,182,12.762
04/01/2016,2122,182,12.762
04/01/2016,2048,364,13.254
04/01/2016,2141,91,10.845
04/01/2016,2122,182,12.762
04/01/2016,2048,364,13.254
28/12/2015,2140,91,10.406
28/12/2015,2121,182,12.336
28/12/2015,2046,364,12.747
28/12/2015,2046,364,12.747
28/12/2015,2140,91,10.406
28/12/2015,2122,182,12.762
21/12/2015,2139,91,9.946
21/12/2015,2120,182,11.717
21/12/2015,2045,364,12.482
21/12/2015,2120,182,11.717
21/12/2015,2139,91,9.946
21/12/2015,2121,182,12.336
14/12/2015,2138,91,9.667
14/12/2015,2119,182,11.099
14/12/2015,2044,364,12.561
14/12/2015,2044,364,12.561
14/12/2015,2138,91,9.667
14/12/2015,2045,364,12.482
07/12/2015,2137,91,9.218
07/12/2015,2118,182,10.558
07/12/2015,2043,364,12.212
07/12/2015,2137,91,9.218
07/12/2015,2043,364,12.212
07/12/2015,2119,182,11.099
30/11/2015,2136,91,9.21
30/11/2015,2117,182,10.092
30/11/2015,2042,364,11.934
30/11/2015,2117,182,10.092
30/11/2015,2042,364,11.934
30/11/2015,2118,182,10.558
23/11/2015,2135,91,9.578
23/11/2015,2116,182,10.203
23/11/2015,2041,364,12.086
23/11/2015,2135,91,9.578
23/11/2015,2041,364,12.086
23/11/2015,2136,91,9.21
16/11/2015,2134,91,9.654
16/11/2015,2115,182,12.282
16/11/2015,2040,364,13.62
16/11/2015,2040,364,13.62
16/11/2015,2115,182,12.282
16/11/2015,2116,182,10.203
09/11/2015,2133,91,13.763
09/11/2015,2114,182,16.492
09/11/2015,2039,364,17.13
09/11/2015,2133,91,13.763
09/11/2015,2039,364,17.13
09/11/2015,2134,91,9.654
02/11/2015,2132,91,19.471
02/11/2015,2113,182,21.028
02/11/2015,2038,364,21.212
02/11/2015,2113,182,21.028
02/11/2015,2038,364,21.212
02/11/2015,2114,182,16.492
26/10/2015,2131,91,22.492
26/10/2015,2112,182,22.291
26/10/2015,2037,364,22.363
26/10/2015,2112,182,22.291
26/10/2015,2132,91,19.471
19/10/2015,2130,91,22.133
19/10/2015,2111,182,22.291
19/10/2015,2037,364,22.363
19/10/2015,2037,364,22.363
19/10/2015,2130,91,22.133
19/10/2015,2131,91,22.492
12/10/2015,2129,91,21.353
12/10/2015,2110,182,21.607
12/10/2015,2035,364,21.498
12/10/2015,2035,364,21.498
12/10/2015,2110,182,21.607
12/10/2015,2111,182,22.291
05/10/2015,2128,91,20.637
05/10/2015,2109,182,20.331
05/10/2015,2034,364,20.695
05/10/2015,2128,91,20.637
05/10/2015,2109,182,20.331
05/10/2015,2129,91,21.353
28/09/2015,2127,91,18.607
28/09/2015,2108,182,14.551
28/09/2015,2032,364,16.301
28/09/2015,2032,364,16.301
28/09/2015,2127,91,18.607
28/09/2015,2034,364,20.695
21/09/2015,2126,91,14.486
21/09/2015,2107,182,13.861
21/09/2015,2031,364,15.768
21/09/2015,2031,364,15.768
21/09/2015,2107,182,13.861
21/09/2015,2108,182,14.551
14/09/2015,2125,91,13.858
14/09/2015,2106,182,12.877
14/09/2015,2030,364,14.948
14/09/2015,2106,182,12.877
14/09/2015,2125,91,13.858
14/09/2015,2126,91,14.486
07/09/2015,2124,91,11.502
07/09/2015,2105,182,12.305
07/09/2015,2029,364,13.967
07/09/2015,2029,364,13.967
07/09/2015,2124,91,11.502
07/09/2015,2030,364,14.948
31/08/2015,2123,91,11.512
31/08/2015,2104,182,12.363
31/08/2015,2028,364,13.819
31/08/2015,2104,182,12.363
31/08/2015,2028,364,13.819
31/08/2015,2105,182,12.305
24/08/2015,2122,91,11.565
24/08/2015,2103,182,12.261
24/08/2015,2027,364,13.045
24/08/2015,2103,182,12.261
24/08/2015,2027,364,13.045
24/08/2015,2123,91,11.512
17/08/2015,2121,91,11.496
17/08/2015,2102,182,11.9
17/08/2015,2026,364,13.001
17/08/2015,2121,91,11.496
17/08/2015,2026,364,13.001
17/08/2015,2122,91,11.565
20/07/2015,2117,91,11.327
20/07/2015,2098,182,12.153
20/07/2015,2022,364,12.532
20/07/2015,2022,364,12.532
20/07/2015,2098,182,12.153
20/07/2015,2102,182,11.9
13/07/2015,2116,91,11.285
13/07/2015,2097,182,12.051
13/07/2015,2021,364,11.137
13/07/2015,2097,182,12.051
13/07/2015,2116,91,11.285
13/07/2015,2117,91,11.327
06/07/2015,2115,91,8.165
06/07/2015,2096,182,11.025
06/07/2015,2020,364,11.025
06/07/2015,2020,364,11.025
06/07/2015,2115,91,8.165
06/07/2015,2021,364,11.137
29/06/2015,2114,91,8.274
29/06/2015,2095,182,10.554
29/06/2015,2019,364,11.071
29/06/2015,2114,91,8.274
29/06/2015,2095,182,10.554
29/06/2015,2096,182,11.025
22/06/2015,2113,91,8.317
22/06/2015,2094,182,10.641
22/06/2015,2018,364,11.139
22/06/2015,2018,364,11.139
22/06/2015,2094,182,10.641
22/06/2015,2019,364,11.071
15/06/2015,2112,91,8.312
15/06/2015,2093,182,10.538
15/06/2015,2017,364,11.088
15/06/2015,2093,182,10.538
15/06/2015,2017,364,11.088
15/06/2015,2113,91,8.317
08/06/2015,2111,91,8.224
08/06/2015,2092,182,10.5
08/06/2015,2016,364,10.8
08/06/2015,2016,364,10.8
08/06/2015,2111,91,8.224
08/06/2015,2112,91,8.312
01/06/2015,2110,91,8.162
01/06/2015,2091,182,10.5
01/06/2015,2015,364,10.8
01/06/2015,2110,91,8.162
01/06/2015,2015,364,10.8
01/06/2015,2092,182,10.5
25/05/2015,2109,91,8.124
25/05/2015,2090,182,10.55
25/05/2015,2014,364,10.808
25/05/2015,2014,364,10.808
25/05/2015,2090,182,10.55
25/05/2015,2091,182,10.5
18/05/2015,2108,91,8.167
18/05/2015,2089,182,10.348
18/05/2015,2013,364,10.768
18/05/2015,2108,91,8.167
18/05/2015,2013,364,10.768
18/05/2015,2109,91,8.124
11/05/2015,2107,91,8.357
11/05/2015,2088,182,10.326
11/05/2015,2012,364,10.677
11/05/2015,2012,364,10.677
11/05/2015,2107,91,8.357
11/05/2015,2089,182,10.348
04/05/2015,2106,91,8.378
04/05/2015,2087,182,10.268
04/05/2015,2011,364,10.605
04/05/2015,2011,364,10.605
04/05/2015,2106,91,8.378
04/05/2015,2088,182,10.326
27/04/2015,2105,91,8.406
27/04/2015,2086,182,10.272
27/04/2015,2009,364,10.595
27/04/2015,2009,364,10.595
27/04/2015,2105,91,8.406
27/04/2015,2087,182,10.268
20/04/2015,2104,91,8.408
20/04/2015,2085,182,10.252
20/04/2015,2008,364,10.576
20/04/2015,2085,182,10.252
20/04/2015,2008,364,10.576
20/04/2015,2086,182,10.272
13/04/2015,2103,91,8.422
13/04/2015,2084,182,10.248
13/04/2015,2007,364,10.564
13/04/2015,2103,91,8.422
13/04/2015,2084,182,10.248
13/04/2015,2104,91,8.408
06/04/2015,2102,91,8.454
06/04/2015,2083,182,10.271
06/04/2015,2006,364,10.543
06/04/2015,2083,182,10.271
06/04/2015,2006,364,10.543
06/04/2015,2007,364,10.564
30/03/2015,2101,91,8.438
30/03/2015,2082,182,10.3
30/03/2015,2005,364,10.553
30/03/2015,2101,91,8.438
30/03/2015,2082,182,10.3
30/03/2015,2102,91,8.454
23/03/2015,2100,91,8.447
23/03/2015,2081,182,10.326
23/03/2015,2004,364,10.596
23/03/2015,2081,182,10.326
23/03/2015,2100,91,8.447
23/03/2015,2005,364,10.553
16/03/2015,2099,91,8.453
16/03/2015,2080,182,10.356
16/03/2015,2003,364,10.636
16/03/2015,2099,91,8.453
16/03/2015,2003,364,10.636
16/03/2015,2004,364,10.596
09/03/2015,2098,91,8.463
09/03/2015,2079,182,10.375
09/03/2015,2002,364,10.768
09/03/2015,2098,91,8.463
09/03/2015,2002,364,10.768
09/03/2015,2080,182,10.356
02/03/2015,2097,91,8.645
02/03/2015,2078,182,10.367
02/03/2015,2001,364,10.892
02/03/2015,2078,182,10.367
02/03/2015,2097,91,8.645
02/03/2015,2079,182,10.375
23/02/2015,2096,91,8.64
23/02/2015,2077,182,10.377
23/02/2015,2000,364,10.907
23/02/2015,2077,182,10.377
23/02/2015,2000,364,10.907
23/02/2015,2001,364,10.892
16/02/2015,2095,91,8.563
16/02/2015,2076,182,10.403
16/02/2015,1999,364,10.942
16/02/2015,2076,182,10.403
16/02/2015,1999,364,10.942
16/02/2015,2096,91,8.64
09/02/2015,2094,91,8.582
09/02/2015,2075,182,10.362
09/02/2015,1998,364,10.987
09/02/2015,2075,182,10.362
09/02/2015,1998,364,10.987
09/02/2015,2095,91,8.563
02/02/2015,2093,91,8.572
02/02/2015,2074,182,10.334
02/02/2015,1997,364,10.984
02/02/2015,2093,91,8.572
02/02/2015,2074,182,10.334
02/02/2015,2094,91,8.582
26/01/2015,2092,91,8.684
26/01/2015,2073,182,10.282
26/01/2015,1996,364,10.825
26/01/2015,2092,91,8.684
26/01/2015,2073,182,10.282
26/01/2015,1997,364,10.984
19/01/2015,2091,91,8.601
19/01/2015,2072,182,10.237
19/01/2015,1995,364,10.707
19/01/2015,2072,182,10.237
19/01/2015,2091,91,8.601
19/01/2015,1996,364,10.825
12/01/2015,2090,91,8.529
12/01/2015,2071,182,10.2
12/01/2015,1994,364,10.679
12/01/2015,2090,91,8.529
12/01/2015,2071,182,10.2
12/01/2015,1995,364,10.707
05/01/2015,2089,91,8.532
05/01/2015,2070,182,10.048
05/01/2015,1993,364,10.687
05/01/2015,1993,364,10.687
05/01/2015,2070,182,10.048
05/01/2015,1994,364,10.679
29/12/2014,2088,91,8.571
29/12/2014,2069,182,9.855
29/12/2014,1991,364,10.575
29/12/2014,2069,182,9.855
29/12/2014,2088,91,8.571
29/12/2014,2089,91,8.532
22/12/2014,2087,91,8.513
22/12/2014,2068,182,9.517
22/12/2014,1990,364,10.388
22/12/2014,2087,91,8.513
22/12/2014,1991,364,10.575
15/12/2014,2086,91,8.595
15/12/2014,2067,182,9.45
15/12/2014,1989,364,10.388
15/12/2014,2086,91,8.595
15/12/2014,2067,182,9.45
15/12/2014,1990,364,10.388
08/12/2014,2085,91,8.615
08/12/2014,2066,182,9.318
08/12/2014,1988,364,10.285
08/12/2014,2066,182,9.318
08/12/2014,1988,364,10.285
08/12/2014,1989,364,10.388
01/12/2014,2084,91,8.605
01/12/2014,2065,182,9.286
01/12/2014,1987,364,10.251
01/12/2014,2065,182,9.286
01/12/2014,1987,364,10.251
01/12/2014,2085,91,8.615
24/11/2014,2083,91,8.597
24/11/2014,2064,182,9.201
24/11/2014,1986,364,10.244
24/11/2014,1986,364,10.244
24/11/2014,2083,91,8.597
24/11/2014,2084,91,8.605
17/11/2014,2082,91,8.609
17/11/2014,2063,182,9.211
17/11/2014,1985,364,10.212
17/11/2014,2082,91,8.609
17/11/2014,2063,182,9.211
17/11/2014,2064,182,9.201
10/11/2014,2081,91,8.696
10/11/2014,2062,182,9.183
10/11/2014,1984,364,10.242
10/11/2014,2062,182,9.183
10/11/2014,2081,91,8.696
10/11/2014,1985,364,10.212
03/11/2014,2080,91,8.67
03/11/2014,2061,182,9.105
03/11/2014,1983,364,10.257
03/11/2014,2080,91,8.67
03/11/2014,2061,182,9.105
03/11/2014,1984,364,10.242
27/10/2014,2079,91,8.706
27/10/2014,2060,182,9
27/10/2014,1982,364,10.231
27/10/2014,2079,91,8.706
27/10/2014,2060,182,9
27/10/2014,1983,364,10.257
20/10/2014,2078,91,8.715
20/10/2014,2059,182,8.986
20/10/2014,1981,364,10.172
20/10/2014,2059,182,8.986
20/10/2014,1981,364,10.172
20/10/2014,1982,364,10.231
13/10/2014,2077,91,8.614
13/10/2014,2058,182,8.913
13/10/2014,1980,364,10.327
13/10/2014,1980,364,10.327
13/10/2014,2077,91,8.614
13/10/2014,2078,91,8.715
06/10/2014,2076,91,8.63
06/10/2014,2057,182,8.742
06/10/2014,1979,364,10.38
06/10/2014,2076,91,8.63
06/10/2014,2057,182,8.742
06/10/2014,2058,182,8.913
29/09/2014,2075,91,8.653
29/09/2014,2056,182,8.741
29/09/2014,1977,364,10.357
29/09/2014,2056,182,8.741
29/09/2014,1977,364,10.357
29/09/2014,1979,364,10.38
22/09/2014,2074,91,8.637
22/09/2014,2055,182,8.604
22/09/2014,1976,364,10.276
22/09/2014,2055,182,8.604
22/09/2014,2074,91,8.637
22/09/2014,2075,91,8.653
15/09/2014,2073,91,8.219
15/09/2014,2054,182,8.55
15/09/2014,1975,364,10.163
15/09/2014,2073,91,8.219
15/09/2014,1975,364,10.163
15/09/2014,1976,364,10.276
08/09/2014,2072,91,8.187
08/09/2014,2053,182,8.55
08/09/2014,1974,364,10.233
08/09/2014,2053,182,8.55
08/09/2014,2072,91,8.187
08/09/2014,2054,182,8.55
01/09/2014,2071,91,8.2
01/09/2014,2052,182,8.605
01/09/2014,1973,364,10.253
01/09/2014,2071,91,8.2
01/09/2014,2052,182,8.605
01/09/2014,1974,364,10.233
25/08/2014,2070,91,8.209
25/08/2014,2051,182,8.693
25/08/2014,1972,364,10.249
25/08/2014,2070,91,8.209
25/08/2014,1972,364,10.249
25/08/2014,1973,364,10.253
18/08/2014,2069,91,8.234
18/08/2014,2050,182,8.7
18/08/2014,1971,364,10.263
18/08/2014,1971,364,10.263
18/08/2014,2069,91,8.234
18/08/2014,2051,182,8.693
11/08/2014,2068,91,8.244
11/08/2014,2049,182,8.7
11/08/2014,1970,364,10.273
11/08/2014,2068,91,8.244
11/08/2014,1970,364,10.273
11/08/2014,2050,182,8.7
04/08/2014,2067,91,8.475
04/08/2014,2048,182,9.296
04/08/2014,1969,364,10.33
04/08/2014,1969,364,10.33
04/08/2014,2048,182,9.296
04/08/2014,2049,182,8.7
28/07/2014,2066,91,8.694
28/07/2014,2047,182,10.06
28/07/2014,1968,364,10.33
28/07/2014,2047,182,10.06
28/07/2014,2066,91,8.694
28/07/2014,2067,91,8.475
21/07/2014,2065,91,9.274
21/07/2014,2046,182,10.43
21/07/2014,1967,364,10.558
21/07/2014,2065,91,9.274
21/07/2014,1967,364,10.558
21/07/2014,1968,364,10.33
14/07/2014,2064,91,9.727
14/07/2014,2045,182,10.97
14/07/2014,1966,364,11.165
14/07/2014,2064,91,9.727
14/07/2014,1966,364,11.165
14/07/2014,2046,182,10.43
07/07/2014,2063,91,11.408
07/07/2014,2044,182,11.5
07/07/2014,1965,364,11.788
07/07/2014,2063,91,11.408
07/07/2014,2044,182,11.5
07/07/2014,2045,182,10.97
30/06/2014,2062,91,11.438
30/06/2014,2043,182,11.585
30/06/2014,1964,364,11.186
30/06/2014,1964,364,11.186
30/06/2014,2062,91,11.438
30/06/2014,1965,364,11.788
23/06/2014,2061,91,10.25
23/06/2014,2042,182,10.711
23/06/2014,1963,364,10.981
23/06/2014,2061,91,10.25
23/06/2014,2042,182,10.711
23/06/2014,2043,182,11.585
16/06/2014,2060,91,9.275
16/06/2014,2041,182,10.323
16/06/2014,1962,364,10.239
16/06/2014,1962,364,10.239
16/06/2014,2041,182,10.323
16/06/2014,1963,364,10.981
09/06/2014,2059,91,9.283
09/06/2014,2040,182,10.016
09/06/2014,1961,364,10.086
09/06/2014,2059,91,9.283
09/06/2014,1961,364,10.086
09/06/2014,2060,91,9.275
02/06/2014,2058,91,8.802
02/06/2014,2039,182,9.888
02/06/2014,1960,364,10.248
02/06/2014,2039,182,9.888
02/06/2014,1960,364,10.248
02/06/2014,2040,182,10.016
26/05/2014,2057,91,8.885
26/05/2014,2038,182,9.927
26/05/2014,1959,364,10.079
26/05/2014,1959,364,10.079
26/05/2014,2038,182,9.927
26/05/2014,2058,91,8.802
19/05/2014,2056,91,8.845
19/05/2014,2037,182,9.851
19/05/2014,1958,364,10.071
19/05/2014,2037,182,9.851
19/05/2014,2056,91,8.845
19/05/2014,2057,91,8.885
12/05/2014,2055,91,8.756
12/05/2014,2036,182,9.872
12/05/2014,1957,364,10.083
12/05/2014,1957,364,10.083
12/05/2014,2055,91,8.756
12/05/2014,1958,364,10.071
05/05/2014,2054,91,8.799
05/05/2014,2035,182,9.774
05/05/2014,1956,364,10.112
05/05/2014,2054,91,8.799
05/05/2014,1956,364,10.112
05/05/2014,2036,182,9.872
28/04/2014,2053,91,8.783
28/04/2014,2034,182,9.822
28/04/2014,1954,364,10.12
28/04/2014,2034,182,9.822
28/04/2014,2053,91,8.783
28/04/2014,2035,182,9.774
21/04/2014,2052,91,8.757
21/04/2014,2033,182,9.812
21/04/2014,1953,364,10.111
21/04/2014,2052,91,8.757
21/04/2014,1953,364,10.111
21/04/2014,1954,364,10.12
14/04/2014,2051,91,8.825
14/04/2014,2032,182,9.83
14/04/2014,1952,364,10.259
14/04/2014,2051,91,8.825
14/04/2014,1952,364,10.259
14/04/2014,2033,182,9.812
07/04/2014,2050,91,8.847
07/04/2014,2031,182,9.87
07/04/2014,1951,364,10.315
07/04/2014,1951,364,10.315
07/04/2014,2031,182,9.87
07/04/2014,2032,182,9.83
31/03/2014,2049,91,8.852
31/03/2014,2030,182,9.871
31/03/2014,1950,364,10.317
31/03/2014,1950,364,10.317
31/03/2014,2030,182,9.871
31/03/2014,2050,91,8.847
24/03/2014,2048,91,8.882
24/03/2014,2029,182,9.924
24/03/2014,1948,364,10.374
24/03/2014,2048,91,8.882
24/03/2014,2029,182,9.924
24/03/2014,2049,91,8.852
17/03/2014,2047,91,8.946
17/03/2014,2028,182,10.045
17/03/2014,1947,364,10.414
17/03/2014,1947,364,10.414
17/03/2014,2047,91,8.946
17/03/2014,1948,364,10.374
10/03/2014,2046,91,9.011
10/03/2014,2027,182,10.227
10/03/2014,1946,364,10.566
10/03/2014,2027,182,10.227
10/03/2014,1946,364,10.566
10/03/2014,2028,182,10.045
03/03/2014,2045,91,9.189
03/03/2014,2026,182,10.347
03/03/2014,1945,364,10.61
03/03/2014,2045,91,9.189
03/03/2014,1945,364,10.61
03/03/2014,2046,91,9.011
24/02/2014,2044,91,9.116
24/02/2014,2025,182,10.326
24/02/2014,1944,364,10.654
24/02/2014,2025,182,10.326
24/02/2014,2044,91,9.116
24/02/2014,2026,182,10.347
17/02/2014,2043,91,9.154
17/02/2014,2024,182,10.357
17/02/2014,1943,364,10.672
17/02/2014,1943,364,10.672
17/02/2014,2043,91,9.154
17/02/2014,1944,364,10.654
10/02/2014,2042,91,9.182
10/02/2014,2023,182,10.346
10/02/2014,1942,364,10.678
10/02/2014,2023,182,10.346
10/02/2014,1942,364,10.678
10/02/2014,2024,182,10.357
03/02/2014,2041,91,9.187
03/02/2014,2022,182,10.361
03/02/2014,1941,364,10.686
03/02/2014,2022,182,10.361
03/02/2014,1941,364,10.686
03/02/2014,2042,91,9.182
27/01/2014,2040,91,9.174
27/01/2014,2021,182,10.339
27/01/2014,1940,364,10.689
27/01/2014,1940,364,10.689
27/01/2014,2021,182,10.339
27/01/2014,2041,91,9.187
20/01/2014,2039,91,9.167
20/01/2014,2020,182,10.344
20/01/2014,1939,364,10.665
20/01/2014,2039,91,9.167
20/01/2014,1939,364,10.665
20/01/2014,2040,91,9.174
13/01/2014,2038,91,9.315
13/01/2014,2019,182,10.359
13/01/2014,1938,364,10.65
13/01/2014,1938,364,10.65
13/01/2014,2038,91,9.315
13/01/2014,2020,182,10.344
06/01/2014,2037,91,9.38
06/01/2014,2018,182,10.394
06/01/2014,1937,364,10.594
06/01/2014,2018,182,10.394
06/01/2014,2037,91,9.38
06/01/2014,2019,182,10.359
30/12/2013,2036,91,9.4
30/12/2013,2017,182,10.383
30/12/2013,1934,364,10.5
30/12/2013,1934,364,10.5
30/12/2013,2017,182,10.383
30/12/2013,1937,364,10.594
23/12/2013,2035,91,9.405
23/12/2013,2016,182,10.44
23/12/2013,1933,364,10.5
23/12/2013,2016,182,10.44
23/12/2013,2035,91,9.405
23/12/2013,2036,91,9.4
16/12/2013,2034,91,9.432
16/12/2013,2015,182,10.356
16/12/2013,1932,364,10.742
16/12/2013,2015,182,10.356
16/12/2013,1932,364,10.742
16/12/2013,1933,364,10.5
09/12/2013,2033,91,9.631
09/12/2013,2014,182,10.372
09/12/2013,1931,364,10.761
09/12/2013,2014,182,10.372
09/12/2013,1931,364,10.761
09/12/2013,2034,91,9.432
02/12/2013,2032,91,9.76
02/12/2013,2013,182,10.473
02/12/2013,1930,364,10.835
02/12/2013,2013,182,10.473
02/12/2013,1930,364,10.835
02/12/2013,2033,91,9.631
25/11/2013,2031,91,9.816
25/11/2013,2012,182,10.515
25/11/2013,1929,364,10.939
25/11/2013,1929,364,10.939
25/11/2013,2012,182,10.515
25/11/2013,2032,91,9.76
18/11/2013,2030,91,9.979
18/11/2013,2011,182,10.603
18/11/2013,1928,364,10.988
18/11/2013,2030,91,9.979
18/11/2013,1928,364,10.988
18/11/2013,2031,91,9.816
11/11/2013,2029,91,9.999
11/11/2013,2010,182,10.559
11/11/2013,1927,364,10.994
11/11/2013,2010,182,10.559
11/11/2013,1927,364,10.994
11/11/2013,2011,182,10.603
04/11/2013,2028,91,9.984
04/11/2013,2009,182,10.502
04/11/2013,1926,364,10.953
04/11/2013,2028,91,9.984
04/11/2013,2009,182,10.502
04/11/2013,2029,91,9.999
28/10/2013,2027,91,9.943
28/10/2013,2008,182,10.487
28/10/2013,1925,364,10.83
28/10/2013,2027,91,9.943
28/10/2013,1925,364,10.83
28/10/2013,1926,364,10.953
26/10/2013,2037,364,22.363
21/10/2013,2026,91,9.792
21/10/2013,2007,182,10.453
21/10/2013,1924,364,10.792
21/10/2013,2026,91,9.792
21/10/2013,1924,364,10.792
21/10/2013,2008,182,10.487
14/10/2013,2025,91,9.772
14/10/2013,2006,182,10.185
14/10/2013,1923,364,10.8
14/10/2013,2025,91,9.772
14/10/2013,1923,364,10.8
14/10/2013,2007,182,10.453
07/10/2013,2024,91,9.36
07/10/2013,2005,182,9.986
07/10/2013,1922,364,10.574
07/10/2013,2005,182,9.986
07/10/2013,1922,364,10.574
07/10/2013,2006,182,10.185
30/09/2013,2023,91,9.109
30/09/2013,2004,182,9.67
30/09/2013,1921,364,10.308
30/09/2013,2023,91,9.109
30/09/2013,1921,364,10.308
30/09/2013,2024,91,9.36
23/09/2013,2022,91,9.139
23/09/2013,2003,182,9.694
23/09/2013,1920,364,10.413
23/09/2013,2003,182,9.694
23/09/2013,1920,364,10.413
23/09/2013,2004,182,9.67
16/09/2013,2021,91,9.235
16/09/2013,2002,182,10.089
16/09/2013,1919,364,10.756
16/09/2013,1919,364,10.756
16/09/2013,2021,91,9.235
16/09/2013,2022,91,9.139
09/09/2013,2020,91,9.928
09/09/2013,2001,182,10.46
09/09/2013,1918,364,11.402
09/09/2013,2001,182,10.46
09/09/2013,2020,91,9.928
09/09/2013,2002,182,10.089
02/09/2013,2019,91,10.474
02/09/2013,2000,182,10.835
02/09/2013,1917,364,11.64
02/09/2013,2000,182,10.835
02/09/2013,2019,91,10.474
02/09/2013,1918,364,11.402
26/08/2013,2018,91,10.462
26/08/2013,1999,182,10.816
26/08/2013,1916,364,11.69
26/08/2013,1916,364,11.69
26/08/2013,1999,182,10.816
26/08/2013,1917,364,11.64
19/08/2013,2017,91,10.498
19/08/2013,1998,182,10.732
19/08/2013,1915,364,11.563
19/08/2013,1915,364,11.563
19/08/2013,2017,91,10.498
19/08/2013,2018,91,10.462
12/08/2013,2016,91,10.406
12/08/2013,1997,182,9.859
12/08/2013,1914,364,11.254
12/08/2013,1997,182,9.859
12/08/2013,1914,364,11.254
12/08/2013,1998,182,10.732
05/08/2013,2015,91,8.754
05/08/2013,1996,182,6.872
05/08/2013,1913,364,10.883
05/08/2013,2015,91,8.754
05/08/2013,1913,364,10.883
05/08/2013,2016,91,10.406
29/07/2013,2014,91,6.863
29/07/2013,1995,182,6.793
29/07/2013,1912,364,9.949
29/07/2013,2014,91,6.863
29/07/2013,1912,364,9.949
29/07/2013,1996,182,6.872
22/07/2013,2013,91,6.293
22/07/2013,1994,182,6.484
22/07/2013,1911,364,9.055
22/07/2013,2013,91,6.293
22/07/2013,1911,364,9.055
22/07/2013,1995,182,6.793
15/07/2013,2012,91,5.759
15/07/2013,1993,182,6.32
15/07/2013,1910,364,8.356
15/07/2013,2012,91,5.759
15/07/2013,1910,364,8.356
15/07/2013,1994,182,6.484
08/07/2013,2011,91,5.496
08/07/2013,1992,182,6
08/07/2013,1909,364,8.356
08/07/2013,1992,182,6
08/07/2013,2011,91,5.496
08/07/2013,1993,182,6.32
01/07/2013,2010,91,5.175
01/07/2013,1991,182,5.549
01/07/2013,1908,364,8.356
01/07/2013,2010,91,5.175
01/07/2013,1908,364,8.356
01/07/2013,1909,364,8.356
24/06/2013,2009,91,5.11
24/06/2013,1990,182,5.642
24/06/2013,1907,364,8.141
24/06/2013,1990,182,5.642
24/06/2013,2009,91,5.11
24/06/2013,1991,182,5.549
17/06/2013,2008,91,5.424
17/06/2013,1989,182,6.117
17/06/2013,1906,364,8.27
17/06/2013,2008,91,5.424
17/06/2013,1906,364,8.27
17/06/2013,1907,364,8.141
10/06/2013,2007,91,6.721
10/06/2013,1988,182,7.899
10/06/2013,1905,364,8.504
10/06/2013,1905,364,8.504
10/06/2013,1988,182,7.899
10/06/2013,1989,182,6.117
03/06/2013,2006,91,7.569
03/06/2013,1987,182,8.84
03/06/2013,1904,364,9.383
03/06/2013,2006,91,7.569
03/06/2013,1987,182,8.84
03/06/2013,2007,91,6.721
27/05/2013,2005,91,8.482
27/05/2013,1986,182,9.43
27/05/2013,1903,364,10.108
27/05/2013,1903,364,10.108
27/05/2013,2005,91,8.482
27/05/2013,1904,364,9.383
20/05/2013,2004,91,9.376
20/05/2013,1985,182,9.98
20/05/2013,1902,364,11.153
20/05/2013,1902,364,11.153
20/05/2013,2004,91,9.376
20/05/2013,1986,182,9.43
13/05/2013,2003,91,9.887
13/05/2013,1984,182,10.279
13/05/2013,1901,364,11.78
13/05/2013,2003,91,9.887
13/05/2013,1984,182,10.279
13/05/2013,1985,182,9.98
06/05/2013,2002,91,10.104
06/05/2013,1983,182,10.489
06/05/2013,1900,364,12.127
06/05/2013,1983,182,10.489
06/05/2013,1900,364,12.127
06/05/2013,1901,364,11.78
29/04/2013,2001,91,10.206
29/04/2013,1982,182,10.604
29/04/2013,1899,364,12.26
29/04/2013,2001,91,10.206
29/04/2013,1899,364,12.26
29/04/2013,2002,91,10.104
22/04/2013,2000,91,10.258
22/04/2013,1981,182,10.637
22/04/2013,1898,364,12.405
22/04/2013,1981,182,10.637
22/04/2013,1898,364,12.405
22/04/2013,1982,182,10.604
15/04/2013,1999,91,10.423
15/04/2013,1980,182,10.827
15/04/2013,1897,364,12.504
15/04/2013,1897,364,12.504
15/04/2013,1999,91,10.423
15/04/2013,2000,91,10.258
08/04/2013,1998,91,10.541
08/04/2013,1979,182,10.892
08/04/2013,1896,364,12.618
08/04/2013,1998,91,10.541
08/04/2013,1896,364,12.618
08/04/2013,1980,182,10.827
01/04/2013,1997,91,10.467
01/04/2013,1978,182,10.803
01/04/2013,1895,364,12.676
01/04/2013,1895,364,12.676
01/04/2013,1978,182,10.803
01/04/2013,1979,182,10.892
25/03/2013,1996,91,10.318
25/03/2013,1977,182,10.602
25/03/2013,1894,364,12.674
25/03/2013,1996,91,10.318
25/03/2013,1894,364,12.674
25/03/2013,1997,91,10.467
18/03/2013,1995,91,10.097
18/03/2013,1976,182,10.182
18/03/2013,1892,364,12.595
18/03/2013,1976,182,10.182
18/03/2013,1892,364,12.595
18/03/2013,1977,182,10.602
11/03/2013,1994,91,9.747
11/03/2013,1975,182,9.697
11/03/2013,1891,364,12.542
11/03/2013,1891,364,12.542
11/03/2013,1975,182,9.697
11/03/2013,1995,91,10.097
04/03/2013,1993,91,9.368
04/03/2013,1974,182,9.084
04/03/2013,1890,364,12.362
04/03/2013,1890,364,12.362
04/03/2013,1974,182,9.084
04/03/2013,1994,91,9.747
25/02/2013,1992,91,8.928
25/02/2013,1973,182,8.571
25/02/2013,1973,182,8.571
25/02/2013,1993,91,9.368
18/02/2013,1991,91,8.213
18/02/2013,1972,182,8.502
18/02/2013,1991,91,8.213
18/02/2013,1992,91,8.928
11/02/2013,1990,91,8.229
11/02/2013,1971,182,8.45
11/02/2013,1990,91,8.229
11/02/2013,1972,182,8.502
04/02/2013,1989,91,8.164
04/02/2013,1970,182,8.065
04/02/2013,1889,364,11.662
04/02/2013,1889,364,11.662
04/02/2013,1970,182,8.065
04/02/2013,1971,182,8.45
28/01/2013,1988,91,8.036
28/01/2013,1969,182,8.066
28/01/2013,1988,91,8.036
28/01/2013,1989,91,8.164
21/01/2013,1987,91,8.052
21/01/2013,1968,182,8.088
21/01/2013,1987,91,8.052
21/01/2013,1969,182,8.066
14/01/2013,1986,91,8.105
14/01/2013,1967,182,8.093
14/01/2013,1986,91,8.105
14/01/2013,1968,182,8.088
07/01/2013,1985,91,8.122
07/01/2013,1966,182,8.1
07/01/2013,1886,364,11.67
07/01/2013,1985,91,8.122
07/01/2013,1966,182,8.1
07/01/2013,1967,182,8.093
31/12/2012,1984,91,8.138
31/12/2012,1965,182,8.1
31/12/2012,1984,91,8.138
31/12/2012,1886,364,11.67
24/12/2012,1983,91,8.142
24/12/2012,1964,182,9.046
24/12/2012,1964,182,9.046
24/12/2012,1965,182,8.1
22/12/2012,2068,182,9.517
17/12/2012,1982,91,8.174
17/12/2012,1963,182,9.336
17/12/2012,1982,91,8.174
17/12/2012,1983,91,8.142
10/12/2012,1981,91,8.339
10/12/2012,1962,182,9.08
10/12/2012,1962,182,9.08
10/12/2012,1963,182,9.336
03/12/2012,1980,91,8.445
03/12/2012,1961,182,9.336
03/12/2012,1884,364,11.709
03/12/2012,1980,91,8.445
03/12/2012,1961,182,9.336
03/12/2012,1981,91,8.339
26/11/2012,1979,91,8.987
26/11/2012,1960,182,9.773
26/11/2012,1979,91,8.987
26/11/2012,1884,364,11.709
19/11/2012,1978,91,9.621
19/11/2012,1959,182,10.325
19/11/2012,1978,91,9.621
19/11/2012,1960,182,9.773
12/11/2012,1977,91,10.346
12/11/2012,1958,182,10.923
12/11/2012,1883,364,11.943
12/11/2012,1883,364,11.943
12/11/2012,1958,182,10.923
12/11/2012,1959,182,10.325
05/11/2012,1976,91,10.237
05/11/2012,1957,182,10.854
05/11/2012,1976,91,10.237
05/11/2012,1977,91,10.346
29/10/2012,1975,91,9.945
29/10/2012,1956,182,10.761
29/10/2012,1975,91,9.945
29/10/2012,1957,182,10.854
22/10/2012,1974,91,9.437
22/10/2012,1955,182,10.484
22/10/2012,1955,182,10.484
22/10/2012,1956,182,10.761
15/10/2012,1973,91,8.962
15/10/2012,1954,182,10.307
15/10/2012,1973,91,8.962
15/10/2012,1974,91,9.437
08/10/2012,1972,91,8.439
08/10/2012,1953,182,10.194
08/10/2012,1882,364,10.57
08/10/2012,1972,91,8.439
08/10/2012,1882,364,10.57
08/10/2012,1954,182,10.307
01/10/2012,1971,91,8.093
01/10/2012,1952,182,9.888
01/10/2012,1952,182,9.888
01/10/2012,1953,182,10.194
24/09/2012,1970,91,7.647
24/09/2012,1951,182,9.265
24/09/2012,1951,182,9.265
24/09/2012,1971,91,8.093
17/09/2012,1969,91,7.515
17/09/2012,1950,182,8.993
17/09/2012,1950,182,8.993
17/09/2012,1970,91,7.647
10/09/2012,1968,91,7.808
10/09/2012,1949,182,9.351
10/09/2012,1881,364,10.336
10/09/2012,1881,364,10.336
10/09/2012,1968,91,7.808
10/09/2012,1969,91,7.515
03/09/2012,1967,91,8.119
03/09/2012,1948,182,9.848
03/09/2012,1948,182,9.848
03/09/2012,1949,182,9.351
01/09/2012,1871,364,21.961
01/09/2012,1933,91,20.696
01/09/2012,1915,182,20.78
27/08/2012,1966,91,8.583
27/08/2012,1947,182,10.032
27/08/2012,1966,91,8.583
27/08/2012,1967,91,8.119
20/08/2012,1965,91,10.267
20/08/2012,1946,182,11.366
20/08/2012,1965,91,10.267
20/08/2012,1947,182,10.032
13/08/2012,1964,91,12
13/08/2012,1945,182,12.638
13/08/2012,1879,364,12.853
13/08/2012,1879,364,12.853
13/08/2012,1945,182,12.638
13/08/2012,1946,182,11.366
06/08/2012,1963,91,12.864
06/08/2012,1944,182,13.038
06/08/2012,1963,91,12.864
06/08/2012,1964,91,12
30/07/2012,1962,91,13.226
30/07/2012,1943,182,13.379
30/07/2012,1943,182,13.379
30/07/2012,1944,182,13.038
23/07/2012,1961,91,12.929
23/07/2012,1942,182,12.801
23/07/2012,1961,91,12.929
23/07/2012,1962,91,13.226
16/07/2012,1960,91,12.001
16/07/2012,1941,182,12.354
16/07/2012,1960,91,12.001
16/07/2012,1942,182,12.801
09/07/2012,1959,91,10.835
09/07/2012,1940,182,11.415
09/07/2012,1877,364,13
09/07/2012,1877,364,13
09/07/2012,1959,91,10.835
09/07/2012,1941,182,12.354
02/07/2012,1958,91,10.78
02/07/2012,1939,182,11.091
02/07/2012,1958,91,10.78
02/07/2012,1940,182,11.415
25/06/2012,1957,91,10.675
25/06/2012,1938,182,10.857
25/06/2012,1938,182,10.857
25/06/2012,1939,182,11.091
18/06/2012,1956,91,10.537
18/06/2012,1937,182,10.737
18/06/2012,1956,91,10.537
18/06/2012,1957,91,10.675
11/06/2012,1955,91,9.801
11/06/2012,1936,182,10.75
11/06/2012,1876,364,12.431
11/06/2012,1936,182,10.75
11/06/2012,1955,91,9.801
11/06/2012,1937,182,10.737
04/06/2012,1954,91,9.336
04/06/2012,1935,182,10.327
04/06/2012,1935,182,10.327
04/06/2012,1876,364,12.431
28/05/2012,1953,91,9.865
28/05/2012,1934,182,10.915
28/05/2012,1934,182,10.915
28/05/2012,1954,91,9.336
21/05/2012,1952,91,10.075
21/05/2012,1933,182,12.078
21/05/2012,1933,182,12.078
21/05/2012,1953,91,9.865
14/05/2012,1951,91,11.381
14/05/2012,1932,182,13.076
14/05/2012,1875,364,12.431
14/05/2012,1951,91,11.381
14/05/2012,1875,364,12.431
14/05/2012,1952,91,10.075
07/05/2012,1950,91,13.382
07/05/2012,1931,182,14.775
07/05/2012,1950,91,13.382
07/05/2012,1932,182,13.076
30/04/2012,1949,91,14.992
30/04/2012,1930,182,16.623
30/04/2012,1949,91,14.992
30/04/2012,1931,182,14.775
23/04/2012,1948,91,15.93
23/04/2012,1929,182,16.638
23/04/2012,1948,91,15.93
23/04/2012,1930,182,16.623
16/04/2012,1947,91,16.078
16/04/2012,1928,182,16.737
16/04/2012,1947,91,16.078
16/04/2012,1929,182,16.638
09/04/2012,1946,91,16.34
09/04/2012,1927,182,16.96
09/04/2012,1874,364,16.915
09/04/2012,1874,364,16.915
09/04/2012,1946,91,16.34
09/04/2012,1928,182,16.737
02/04/2012,1945,91,16.728
02/04/2012,1926,182,17.66
02/04/2012,1926,182,17.66
02/04/2012,1927,182,16.96
26/03/2012,1944,91,17.006
26/03/2012,1925,182,17.726
26/03/2012,1944,91,17.006
26/03/2012,1945,91,16.728
19/03/2012,1943,91,17.461
19/03/2012,1924,182,18.112
19/03/2012,1924,182,18.112
19/03/2012,1925,182,17.726
12/03/2012,1942,91,17.983
12/03/2012,1923,182,18.377
12/03/2012,1873,364,17.035
12/03/2012,1942,91,17.983
12/03/2012,1873,364,17.035
12/03/2012,1943,91,17.461
05/03/2012,1941,91,18.745
05/03/2012,1922,182,18.757
05/03/2012,1922,182,18.757
05/03/2012,1923,182,18.377
27/02/2012,1940,91,19.152
27/02/2012,1921,182,19.247
27/02/2012,1940,91,19.152
27/02/2012,1941,91,18.745
20/02/2012,1939,91,19.332
20/02/2012,1920,182,19.539
20/02/2012,1920,182,19.539
20/02/2012,1921,182,19.247
13/02/2012,1938,91,19.807
13/02/2012,1919,182,20.024
13/02/2012,1919,182,20.024
13/02/2012,1939,91,19.332
06/02/2012,1937,91,20.503
06/02/2012,1918,182,20.723
06/02/2012,1872,364,20.956
06/02/2012,1937,91,20.503
06/02/2012,1872,364,20.956
06/02/2012,1938,91,19.807
01/02/2012,1932,91,19.905
01/02/2012,1914,182,20.714
31/01/2012,1918,182,20.723
30/01/2012,1936,91,20.614
30/01/2012,1917,182,20.801
30/01/2012,1936,91,20.614
23/01/2012,1935,91,20.769
23/01/2012,1916,182,20.914
23/01/2012,1935,91,20.769
23/01/2012,1917,182,20.801
16/01/2012,1934,91,20.799
16/01/2012,1915,182,20.78
16/01/2012,1934,91,20.799
16/01/2012,1916,182,20.914
09/01/2012,1933,91,20.696
09/01/2012,1914,182,20.714
09/01/2012,1871,364,21.961
02/01/2012,1932,91,19.905
02/01/2012,1913,182,20.244
02/01/2012,1913,182,20.244
26/12/2011,1912,182,18.576
19/12/2011,1911,182,18.445
12/12/2011,1910,182,17.679
12/12/2011,1870,364,20.955
05/12/2011,1909,182,16.543
28/11/2011,1927,91,16.601
28/11/2011,1908,182,16.471
21/11/2011,1926,91,16.202
21/11/2011,1907,182,15.738
14/11/2011,1925,91,15.998
14/11/2011,1906,182,15.661
14/11/2011,1867,364,16.617
07/11/2011,1924,91,15.743
07/11/2011,1905,182,15.742
31/10/2011,1923,91,15.313
31/10/2011,1904,182,15.364
24/10/2011,1922,91,15.091
24/10/2011,1903,182,15.287
17/10/2011,1921,91,14.997
17/10/2011,1902,182,14.973
10/10/2011,1920,91,14.836
10/10/2011,1901,182,14.283
10/10/2011,1866,364,14.499
03/10/2011,1919,91,13.741
03/10/2011,1900,182,13.493
26/09/2011,1918,91,13.193
26/09/2011,1899,182,12.622
19/09/2011,1917,91,12.57
19/09/2011,1898,182,11.935
12/09/2011,1916,91,11.685
12/09/2011,1897,182,9.285
12/09/2011,1865,364,12.536
05/09/2011,1915,91,10.281
29/08/2011,1914,91,9.708
29/08/2011,1896,182,10.356
22/08/2011,1913,91,9.258
15/08/2011,1912,91,9.145
15/08/2011,1895,182,10.308
15/08/2011,1864,364,11.066
08/08/2011,1911,91,9.015
01/08/2011,1910,91,9.01
01/08/2011,1894,182,9.799
25/07/2011,1909,91,9.004
18/07/2011,1908,91,8.999
18/07/2011,1893,182,9.845
11/07/2011,1907,91,8.954
11/07/2011,1863,364,10.22
04/07/2011,1906,91,8.988
04/07/2011,1892,182,9.854
27/06/2011,1905,91,8.995
20/06/2011,1904,91,9.006
20/06/2011,1891,182,9.906
13/06/2011,1903,91,9.016
13/06/2011,1862,364,10.249
06/06/2011,1902,91,8.798
06/06/2011,1890,182,9.949
30/05/2011,1901,91,7.942
23/05/2011,1900,91,6.409
23/05/2011,1889,182,5.444
16/05/2011,1899,91,4.796
16/05/2011,1861,364,6.772
09/05/2011,1898,91,4.018
09/05/2011,1888,182,3.691
02/05/2011,1897,91,3.577
25/04/2011,1896,91,3.524
25/04/2011,1887,182,3.58
18/04/2011,1895,91,3.461
18/04/2011,1860,364,4.998
11/04/2011,1894,91,3.157
11/04/2011,1886,182,3.442
04/04/2011,1893,91,2.989
28/03/2011,1892,91,2.905
28/03/2011,1885,182,3.271
21/03/2011,1891,91,2.784
14/03/2011,1890,91,2.76
14/03/2011,1884,182,2.848
07/03/2011,1889,91,2.627
07/03/2011,1859,364,3.996
28/02/2011,1888,91,2.603
28/02/2011,1883,182,2.764
21/02/2011,1887,91,2.592
14/02/2011,1886,91,2.595
14/02/2011,1882,182,2.749
07/02/2011,1885,91,2.555
07/02/2011,1858,364,3.722
31/01/2011,1884,91,2.519
31/01/2011,1881,182,2.728
24/01/2011,1883,91,2.455
24/01/2011,1856,364,3.693
17/01/2011,1882,91,2.409
10/01/2011,1880,182,2.675
03/01/2011,1881,91,2.357
27/12/2010,1856,182,2.631
20/12/2010,1855,91,2.313
13/12/2010,1862,182,2.548
13/12/2010,1854,364,3.36
06/12/2010,1861,91,2.239
29/11/2010,1860,182,2.464
22/11/2010,1859,91,2.242
15/11/2010,1858,182,2.256
08/11/2010,1857,91,2.18
01/11/2010,1856,182,2.132
25/10/2010,1855,91,2.116
18/10/2010,1854,182,2.111
11/10/2010,1860,91,2.125
11/10/2010,1853,364,3.06
04/10/2010,1859,182,2.093
27/09/2010,1858,91,2.022
20/09/2010,1857,182,2.113
13/09/2010,1856,91,2.047
06/09/2010,1855,182,2.161
30/08/2010,1854,91,2.075
23/08/2010,1853,182,2.094
16/08/2010,1872,91,1.852
16/08/2010,1852,364,2.962
09/08/2010,1871,182,1.958
02/08/2010,1870,91,1.566
26/07/2010,1855,182,1.742
19/07/2010,1854,91,1.462
12/07/2010,1853,182,1.687
05/07/2010,1852,91,1.733
28/06/2010,1851,182,2.439
21/06/2010,1850,91,2.62
14/06/2010,1856,182,3.273
14/06/2010,1849,364,4.138
07/06/2010,1855,91,3.343
31/05/2010,1854,182,3.971
24/05/2010,1853,91,3.971
17/05/2010,1852,182,4.514
10/05/2010,1851,91,4.454
03/05/2010,1850,182,4.735
26/04/2010,1849,91,4.883
19/04/2010,1857,182,5.256
19/04/2010,1848,364,6.009
12/04/2010,1856,91,5.45
05/04/2010,1855,182,5.893
29/03/2010,1854,91,5.74
22/03/2010,1853,182,6.227
15/03/2010,1852,91,6.052
08/03/2010,1851,182,6.443
01/03/2010,1850,91,6.139
22/02/2010,1849,182,6.514
15/02/2010,1848,91,6.199
08/02/2010,1854,182,6.7
08/02/2010,1847,364,7.383
01/02/2010,1853,91,6.226
25/01/2010,1852,182,6.9
18/01/2010,1851,91,6.502
11/01/2010,1850,182,7.136
04/01/2010,1849,91,6.612
28/12/2009,1848,182,7.245
21/12/2009,1847,91,6.71
14/12/2009,1854,182,7.511
14/12/2009,1846,364,8.008
07/12/2009,1853,91,6.937
30/11/2009,1852,182,7.943
23/11/2009,1851,91,7.198
16/11/2009,1850,182,8.061
09/11/2009,1849,91,7.232
02/11/2009,1848,182,8.07
26/10/2009,1847,91,7.264
19/10/2009,1846,182,7.969
12/10/2009,1851,91,7.248
12/10/2009,1845,364,8.438
05/10/2009,1850,182,7.991
28/09/2009,1849,91,7.303
21/09/2009,1848,182,8.073
14/09/2009,1847,91,7.272
07/09/2009,1846,182,8.103
31/08/2009,1845,91,7.223
24/08/2009,1844,182,8.121
17/08/2009,1844,91,7.261
17/08/2009,1844,364,8.712
10/08/2009,1843,182,8.126
03/08/2009,1843,91,7.263
27/07/2009,1842,182,8.151
20/07/2009,1842,91,7.264
13/07/2009,1841,182,8.155
06/07/2009,1841,91,7.178
29/06/2009,2073,91,7.057
29/06/2009,2074,182,8.153
22/06/2009,2071,91,7.367
22/06/2009,2072,182,8.077
15/06/2009,2069,91,7.309
15/06/2009,2070,182,8.039
08/06/2009,2067,91,7.431
08/06/2009,2068,182,8.362
01/06/2009,2065,91,7.494
01/06/2009,2066,182,8.674
25/05/2009,2063,91,7.507
25/05/2009,2064,182,8.875
18/05/2009,2061,91,7.549
18/05/2009,2062,182,8.914
11/05/2009,2059,91,7.358
11/05/2009,2060,182,8.686
04/05/2009,2057,91,7.381
04/05/2009,2058,182,8.603
27/04/2009,2055,91,7.314
27/04/2009,2056,182,8.465
20/04/2009,2053,91,7.338
20/04/2009,2054,182,8.471
13/04/2009,2051,91,7.341
13/04/2009,2052,182,8.288
06/04/2009,2049,91,7.355
06/04/2009,2050,182,8.134
30/03/2009,2047,91,7.359
30/03/2009,2048,182,8.228
23/03/2009,2045,91,7.36
23/03/2009,2046,182,8.101
16/03/2009,2043,91,7.292
16/03/2009,2044,182,7.853
09/03/2009,2041,91,7.294
09/03/2009,2042,182,7.721
02/03/2009,2039,91,7.235
02/03/2009,2040,182,7.661
23/02/2009,2037,91,7.157
23/02/2009,2038,182,7.646
16/02/2009,2035,91,7.346
16/02/2009,2036,182,7.618
09/02/2009,2033,91,7.7
09/02/2009,2034,182,7.995
02/02/2009,2031,91,7.991
02/02/2009,2032,182,8.285
26/01/2009,2029,91,8.391
26/01/2009,2030,182,8.854
19/01/2009,2027,91,8.445
19/01/2009,2028,182,8.858
12/01/2009,2025,91,8.488
12/01/2009,2026,182,8.972
05/01/2009,2023,91,8.533
05/01/2009,2024,182,9.038
29/12/2008,2021,91,8.537
29/12/2008,2022,182,9.061
22/12/2008,2019,91,8.604
22/12/2008,2020,182,9.063
15/12/2008,2017,91,8.557
15/12/2008,2018,182,9.007
08/12/2008,2015,91,8.619
08/12/2008,2016,182,9.078
01/12/2008,2013,91,8.623
01/12/2008,2014,182,9.173
24/11/2008,2011,91,8.57
24/11/2008,2012,182,9.103
17/11/2008,2009,91,8.522
17/11/2008,2010,182,8.964
10/11/2008,2007,91,8.362
10/11/2008,2008,182,8.779
03/11/2008,2005,91,8.12
03/11/2008,2006,182,8.596
27/10/2008,2003,91,7.786
27/10/2008,2004,182,8.44
20/10/2008,2001,91,7.767
20/10/2008,2002,182,8.391
13/10/2008,1999,91,7.758
13/10/2008,2000,182,8.292
06/10/2008,1997,91,7.695
06/10/2008,1998,182,8.167
29/09/2008,1995,91,7.697
29/09/2008,1996,182,8.117
22/09/2008,1993,91,7.66
22/09/2008,1994,182,8.046
15/09/2008,1991,91,7.689
15/09/2008,1992,182,8.025
08/09/2008,1989,91,7.686
08/09/2008,1990,182,8.058
01/09/2008,1987,91,7.741
01/09/2008,1988,182,8.146
25/08/2008,1985,91,7.812
25/08/2008,1986,182,8.305
18/08/2008,1983,91,7.946
18/08/2008,1984,182,8.607
11/08/2008,1981,91,8.1
11/08/2008,1982,182,8.93
04/08/2008,1979,91,8.21
04/08/2008,1980,182,9.159
28/07/2008,1977,91,8.213
28/07/2008,1978,182,9.185
21/07/2008,1975,91,8.134
21/07/2008,1976,182,9.144
14/07/2008,1973,91,7.953
14/07/2008,1974,182,9.036
07/07/2008,1971,91,7.824
07/07/2008,1972,182,8.991
30/06/2008,1969,91,7.854
30/06/2008,1970,182,8.981
23/06/2008,1967,91,7.781
23/06/2008,1968,182,8.875
16/06/2008,1965,91,7.64
16/06/2008,1966,182,8.854
09/06/2008,1963,91,7.64
09/06/2008,1964,182,8.758
02/06/2008,1961,91,7.716
02/06/2008,1962,182,8.751
26/05/2008,1959,91,7.758
26/05/2008,1960,182,8.744
19/05/2008,1957,91,7.691
19/05/2008,1958,182,8.756
12/05/2008,1955,91,7.764
12/05/2008,1956,182,8.778
05/05/2008,1953,91,7.837
05/05/2008,1954,182,8.738
28/04/2008,1951,91,7.656
28/04/2008,1952,182,8.582
21/04/2008,1949,91,7.392
21/04/2008,1950,182,8.415
14/04/2008,1947,91,7.36
14/04/2008,1948,182,8.244
07/04/2008,1945,91,6.976
07/04/2008,1946,182,7.942
31/03/2008,1943,91,6.878
31/03/2008,1944,182,7.81
24/03/2008,1941,91,6.863
24/03/2008,1942,182,7.782
17/03/2008,1939,91,6.868
17/03/2008,1940,182,7.724
10/03/2008,1937,91,6.894
10/03/2008,1938,182,7.763
03/03/2008,1935,91,6.956
03/03/2008,1936,182,7.991
25/02/2008,1933,91,7.069
25/02/2008,1934,182,8.137
18/02/2008,1931,91,7.291
18/02/2008,1932,182,8.313
11/02/2008,1929,91,7.424
11/02/2008,1930,182,8.413
04/02/2008,1927,91,7.334
04/02/2008,1928,182,8.355
28/01/2008,1925,91,7.115
28/01/2008,1926,182,8.089
21/01/2008,1923,91,6.999
21/01/2008,1924,182,8.032
14/01/2008,1921,91,6.891
14/01/2008,1922,182,8.056
07/01/2008,1919,91,6.796
07/01/2008,1920,182,8.187
24/12/2007,1917,91,6.892
24/12/2007,1918,182,7.889
17/12/2007,1915,91,6.839
17/12/2007,1916,182,7.858
10/12/2007,1913,91,6.865
10/12/2007,1914,182,7.842
03/12/2007,1911,91,6.875
03/12/2007,1912,182,7.889
26/11/2007,1909,91,6.925
26/11/2007,1910,182,7.934
19/11/2007,1907,91,7.298
19/11/2007,1908,182,8.056
12/11/2007,1905,91,7.932
12/11/2007,1906,182,8.142
05/11/2007,1903,91,7.922
05/11/2007,1904,182,8.018
29/10/2007,1901,91,7.724
29/10/2007,1902,182,7.914
22/10/2007,1899,91,7.674
22/10/2007,1900,182,7.842
15/10/2007,1897,91,7.556
15/10/2007,1898,182,7.841
08/10/2007,1895,91,7.452
08/10/2007,1896,182,7.805
01/10/2007,1893,91,7.346
01/10/2007,1894,182,7.798
24/09/2007,1891,91,7.341
24/09/2007,1892,182,7.795
17/09/2007,1889,91,7.332
17/09/2007,1890,182,7.801
10/09/2007,1887,91,7.352
10/09/2007,1888,182,7.804
03/09/2007,1885,91,7.361
03/09/2007,1886,182,7.874
27/08/2007,1883,91,7.384
27/08/2007,1884,182,7.924
20/08/2007,1881,91,7.37
20/08/2007,1882,182,7.99
13/08/2007,1879,91,7.342
13/08/2007,1880,182,8.105
06/08/2007,1877,91,7.084
06/08/2007,1878,182,7.927
30/07/2007,1875,91,6.902
30/07/2007,1876,182,7.575
23/07/2007,1873,91,6.565
23/07/2007,1874,182,7.305
16/07/2007,1871,91,6.463
16/07/2007,1872,182,7.115
09/07/2007,1869,91,6.345
09/07/2007,1870,182,6.959
02/07/2007,1867,91,6.345
02/07/2007,1868,182,6.876
25/06/2007,1865,91,6.398
25/06/2007,1866,182,6.906
18/06/2007,1863,91,6.487
18/06/2007,1864,182,7.028
11/06/2007,1861,91,6.575
11/06/2007,1862,182,7.297
04/06/2007,1859,91,6.643
04/06/2007,1860,182,7.521
28/05/2007,1857,91,6.744
28/05/2007,1858,182,7.74
21/05/2007,1855,91,6.774
21/05/2007,1856,182,7.99
14/05/2007,1853,91,6.782
14/05/2007,1854,182,8.042
07/05/2007,1851,91,6.795
07/05/2007,1852,182,8.138
30/04/2007,1849,91,6.795
30/04/2007,1850,182,8.101
23/04/2007,1847,91,6.797
23/04/2007,1848,182,7.985
16/04/2007,1845,91,6.653
16/04/2007,1846,182,7.918
09/04/2007,1843,91,6.51
09/04/2007,1844,182,7.822
02/04/2007,1841,91,6.474
02/04/2007,1842,182,7.814
26/03/2007,1839,91,6.43
26/03/2007,1840,182,7.921
19/03/2007,1837,91,6.351
19/03/2007,1838,182,7.927
12/03/2007,1835,91,6.262
12/03/2007,1836,182,7.979
05/03/2007,1833,91,6.219
05/03/2007,1834,182,8.067
26/02/2007,1831,91,6.242
26/02/2007,1832,182,8.253
19/02/2007,1829,91,6.245
19/02/2007,1830,182,8.458
12/02/2007,1827,91,6.214
12/02/2007,1828,182,8.67
05/02/2007,1825,91,6.193
05/02/2007,1826,182,8.873
29/01/2007,1823,91,6.129
29/01/2007,1824,182,8.736
22/01/2007,1821,91,6.081
22/01/2007,1822,182,8.51
15/01/2007,1819,91,5.991
15/01/2007,1820,182,8.27
08/01/2007,1817,91,5.921
08/01/2007,1818,182,8.123
01/01/2007,1815,91,5.876
01/01/2007,1816,182,7.772
25/12/2006,1813,91,5.831
25/12/2006,1814,182,7.372
18/12/2006,1811,91,5.763
18/12/2006,1812,182,7.328
11/12/2006,1809,91,5.636
11/12/2006,1810,182,7.282
04/12/2006,1807,91,5.68
04/12/2006,1808,182,7.312
27/11/2006,1805,91,5.857
27/11/2006,1806,182,7.525
20/11/2006,1803,91,6.25
20/11/2006,1804,182,7.838
13/11/2006,1801,91,6.648
13/11/2006,1802,182,8.159
06/11/2006,1799,91,6.898
06/11/2006,1800,182,8.423
30/10/2006,1797,91,6.914
30/10/2006,1798,182,8.484
23/10/2006,1795,91,6.898
23/10/2006,1796,182,8.467
16/10/2006,1793,91,6.849
16/10/2006,1794,182,8.373
09/10/2006,1791,91,6.79
09/10/2006,1792,182,8.246
02/10/2006,1789,91,6.681
02/10/2006,1790,182,7.99
25/09/2006,1787,91,6.62
25/09/2006,1788,182,7.816
18/09/2006,1785,91,6.511
18/09/2006,1786,182,7.533
11/09/2006,1783,91,6.388
11/09/2006,1784,182,7.331
04/09/2006,1781,91,6.293
04/09/2006,1782,182,7.1
28/08/2006,1779,91,6.134
28/08/2006,1780,182,6.73
21/08/2006,1777,91,5.993
21/08/2006,1778,182,6.575
14/08/2006,1775,91,5.849
14/08/2006,1776,182,6.326
07/08/2006,1773,91,5.845
07/08/2006,1774,182,6.228
31/07/2006,1771,91,5.708
31/07/2006,1772,182,6.125
24/07/2006,1769,91,5.74
24/07/2006,1770,182,6.222
17/07/2006,1767,91,5.895
17/07/2006,1768,182,6.388
10/07/2006,1765,91,6.001
10/07/2006,1766,182,6.619
03/07/2006,1763,91,6.129
03/07/2006,1764,182,6.73
26/06/2006,1761,91,6.312
26/06/2006,1762,182,6.92
19/06/2006,1759,91,6.547
19/06/2006,1760,182,7.257
12/06/2006,1757,91,6.686
12/06/2006,1758,182,7.419
05/06/2006,1755,91,6.84
05/06/2006,1756,182,7.681
29/05/2006,1753,91,6.971
29/05/2006,1754,182,7.744
22/05/2006,1751,91,7.079
22/05/2006,1752,182,7.661
15/05/2006,1749,91,7.099
15/05/2006,1750,182,7.478
08/05/2006,1747,91,7.082
08/05/2006,1748,182,7.452
01/05/2006,1745,91,6.841
01/05/2006,1746,182,7.045
24/04/2006,1743,91,6.791
24/04/2006,1744,182,7.009
17/04/2006,1741,91,6.951
17/04/2006,1742,182,7.177
10/04/2006,1739,91,7.088
10/04/2006,1740,182,7.374
03/04/2006,1737,91,7.233
03/04/2006,1738,182,7.875
27/03/2006,1735,91,7.345
27/03/2006,1736,182,8.126
20/03/2006,1733,91,7.622
20/03/2006,1734,182,8.602
13/03/2006,1731,91,7.686
13/03/2006,1732,182,8.653
06/03/2006,1729,91,7.763
06/03/2006,1730,182,8.703
27/02/2006,1727,91,7.859
27/02/2006,1728,182,8.77
20/02/2006,1725,91,7.945
20/02/2006,1726,182,8.827
13/02/2006,1723,91,8.085
13/02/2006,1724,182,8.869
06/02/2006,1721,91,8.21
06/02/2006,1722,182,8.951
30/01/2006,1719,91,8.247
30/01/2006,1720,182,8.937
23/01/2006,1717,91,8.245
23/01/2006,1718,182,8.907
16/01/2006,1715,91,8.258
16/01/2006,1716,182,8.819
09/01/2006,1713,91,8.261
09/01/2006,1714,182,8.792
02/01/2006,1711,91,8.155
02/01/2006,1712,182,8.732
26/12/2005,1709,91,8.14
26/12/2005,1710,182,8.634
19/12/2005,1707,91,8.14
19/12/2005,1708,182,8.509
12/12/2005,1705,91,8.043
12/12/2005,1706,182,8.406
05/12/2005,1703,91,7.956
05/12/2005,1704,182,8.403
28/11/2005,1701,91,7.858
28/11/2005,1702,182,8.366
21/11/2005,1699,91,7.855
21/11/2005,1700,182,8.367
14/11/2005,1697,91,7.807
14/11/2005,1698,182,8.358
07/11/2005,1695,91,7.853
07/11/2005,1696,182,8.386
31/10/2005,1693,91,7.944
31/10/2005,1694,182,8.396
24/10/2005,1691,91,8.057
24/10/2005,1692,182,8.458
17/10/2005,1689,91,8.217
17/10/2005,1690,182,8.531
10/10/2005,1687,91,8.317
10/10/2005,1688,182,8.613
03/10/2005,1685,91,8.406
03/10/2005,1686,182,8.616
26/09/2005,1683,91,8.488
26/09/2005,1684,182,8.646
19/09/2005,1681,91,8.536
19/09/2005,1682,182,8.862
12/09/2005,1679,91,8.622
12/09/2005,1680,182,8.989
05/09/2005,1677,91,8.663
05/09/2005,1678,182,9.096
29/08/2005,1675,91,8.693
29/08/2005,1676,182,9.079
22/08/2005,1673,91,8.661
22/08/2005,1674,182,9.09
15/08/2005,1671,91,8.663
15/08/2005,1672,182,9.093
08/08/2005,1669,91,8.63
08/08/2005,1670,182,9.093
01/08/2005,1667,91,8.63
01/08/2005,1668,182,9.112
25/07/2005,1665,91,8.592
25/07/2005,1666,182,9.117
18/07/2005,1663,91,8.597
18/07/2005,1664,182,9.051
11/07/2005,1661,91,8.573
11/07/2005,1662,182,9.067
04/07/2005,1659,91,8.586
04/07/2005,1660,182,9.084
27/06/2005,1657,91,8.462
27/06/2005,1658,182,8.977
20/06/2005,1655,91,8.486
20/06/2005,1656,182,8.943
13/06/2005,1653,91,8.497
13/06/2005,1654,182,8.896
06/06/2005,1651,91,8.563
06/06/2005,1652,182,9.023
30/05/2005,1649,91,8.641
30/05/2005,1650,182,9.052
23/05/2005,1647,91,8.662
23/05/2005,1648,182,9.057
16/05/2005,1645,91,8.666
16/05/2005,1646,182,9.05
09/05/2005,1643,91,8.67
09/05/2005,1644,182,9.054
02/05/2005,1641,91,8.66
02/05/2005,1642,182,8.901
25/04/2005,1639,91,8.663
25/04/2005,1640,182,8.981
18/04/2005,1637,91,8.687
18/04/2005,1638,182,8.75
11/04/2005,1635,91,8.699
11/04/2005,1636,182,8.973
04/04/2005,1633,91,8.673
04/04/2005,1634,182,8.959
28/03/2005,1631,91,8.62
28/03/2005,1632,182,8.854
21/03/2005,1629,91,8.612
21/03/2005,1630,182,8.853
14/03/2005,1627,91,8.636
14/03/2005,1628,182,8.97
07/03/2005,1625,91,8.652
07/03/2005,1626,182,8.969
28/02/2005,1623,91,8.659
28/02/2005,1624,182,8.94
21/02/2005,1621,91,8.615
21/02/2005,1622,182,8.937
14/02/2005,1619,91,8.634
14/02/2005,1620,182,8.984
07/02/2005,1617,91,8.44
07/02/2005,1618,182,8.998
31/01/2005,1615,91,8.301
31/01/2005,1616,182,8.839
24/01/2005,1613,91,8.216
24/01/2005,1614,182,8.634
17/01/2005,1611,91,8.277
17/01/2005,1612,182,8.771
10/01/2005,1609,91,8.247
10/01/2005,1610,182,8.761
03/01/2005,1607,91,8.254
03/01/2005,1608,182,8.781
27/12/2004,1606,91,8.291
27/12/2004,1606,182,8.795
13/12/2004,1668,91,8.65
13/12/2004,1669,182,7.998
06/12/2004,1666,91,7.189
06/12/2004,1667,182,7.776
29/11/2004,1664,91,6.259
29/11/2004,1665,182,7.088
22/11/2004,1662,91,5.182
22/11/2004,1663,182,6.27
15/11/2004,1660,91,4.748
15/11/2004,1661,182,5.692
08/11/2004,1658,91,4.6
08/11/2004,1659,182,5.565
01/11/2004,1656,91,4.518
01/11/2004,1657,182,5.534
25/10/2004,1654,91,4.5
25/10/2004,1655,182,5.5
18/10/2004,1652,91,4.332
18/10/2004,1653,182,5.577
11/10/2004,1650,91,3.732
11/10/2004,1651,182,5.006
04/10/2004,1648,91,3.236
04/10/2004,1649,182,4.568
27/09/2004,1646,91,2.906
27/09/2004,1647,182,4.292
20/09/2004,1644,91,2.779
20/09/2004,1645,182,4.064
13/09/2004,1642,91,2.7
13/09/2004,1643,182,3.968
06/09/2004,1640,91,2.609
06/09/2004,1641,182,3.783
30/08/2004,1638,91,2.487
30/08/2004,1639,182,3.674
23/08/2004,1636,91,2.405
23/08/2004,1637,182,3.548
16/08/2004,1634,91,2.256
16/08/2004,1635,182,3.497
09/08/2004,1632,91,2.177
09/08/2004,1633,182,3.437
02/08/2004,1630,91,2.011
02/08/2004,1631,182,3.291
26/07/2004,1628,91,1.876
26/07/2004,1629,182,3.128
19/07/2004,1626,91,1.701
19/07/2004,1627,182,2.935
12/07/2004,1624,91,1.613
12/07/2004,1625,182,2.911
05/07/2004,1622,91,1.636
05/07/2004,1623,182,2.931
28/06/2004,1620,91,1.717
28/06/2004,1621,182,3.029
21/06/2004,1618,91,1.978
21/06/2004,1619,182,3.121
14/06/2004,1616,91,2.065
14/06/2004,1617,182,3.203
07/06/2004,1614,91,2.299
07/06/2004,1615,182,3.23
31/05/2004,1612,91,2.6
31/05/2004,1613,182,3.381
24/05/2004,1610,91,2.937
24/05/2004,1611,182,3.599
17/05/2004,1608,91,2.992
17/05/2004,1609,182,3.685
10/05/2004,1606,91,2.984
10/05/2004,1607,182,3.684
03/05/2004,1604,91,2.838
03/05/2004,1605,182,3.685
26/04/2004,1602,91,2.611
26/04/2004,1603,182,3.516
19/04/2004,1600,91,2.17
19/04/2004,1601,182,3.361
12/04/2004,1598,91,1.927
12/04/2004,1599,182,2.924
05/04/2004,1596,91,1.732
05/04/2004,1597,182,2.666
29/03/2004,1594,91,1.623
29/03/2004,1595,182,2.625
22/03/2004,1592,91,1.582
22/03/2004,1593,182,2.61
15/03/2004,1590,91,1.589
15/03/2004,1591,182,2.513
08/03/2004,1588,91,1.59
08/03/2004,1589,182,2.47
01/03/2004,1586,91,1.574
01/03/2004,1587,182,2.429
23/02/2004,1584,91,1.534
23/02/2004,1585,182,2.356
16/02/2004,1582,91,1.554
16/02/2004,1583,182,2.208
09/02/2004,1580,91,1.591
09/02/2004,1581,182,2.366
02/02/2004,1578,91,1.606
02/02/2004,1579,182,2.407
26/01/2004,1576,91,1.614
26/01/2004,1577,182,2.418
19/01/2004,1574,91,1.601
19/01/2004,1575,182,2.379
12/01/2004,1572,91,1.59
12/01/2004,1573,182,2.349
05/01/2004,1570,91,1.515
05/01/2004,1571,182,2.247
29/12/2003,1568,91,1.405
29/12/2003,1569,182,2.076
22/12/2003,1566,91,1.46
22/12/2003,1567,182,2.1
15/12/2003,1564,91,1.412
15/12/2003,1565,182,2.05
08/12/2003,1562,91,1.526
08/12/2003,1563,182,2.127
01/12/2003,1560,91,1.488
01/12/2003,1561,182,2.076
24/11/2003,1558,91,1.381
24/11/2003,1559,182,1.963
17/11/2003,1556,91,1.357
17/11/2003,1557,182,1.946
10/11/2003,1554,91,1.249
10/11/2003,1555,182,1.718
03/11/2003,1552,91,1.133
03/11/2003,1553,182,1.894
27/10/2003,1550,91,1.074
27/10/2003,1551,182,1.729
20/10/2003,1548,91,1.038
20/10/2003,1549,182,1.445
13/10/2003,1546,91,0.93
13/10/2003,1547,182,1.396
06/10/2003,1544,91,0.98
06/10/2003,1545,182,1.612
29/09/2003,1542,91,0.849
29/09/2003,1543,182,1.351
22/09/2003,1540,91,0.783
22/09/2003,1541,182,1.34
15/09/2003,1539,91,0.832
15/09/2003,1539,182,1.371
08/09/2003,1538,91,0.84
08/09/2003,1538,182,1.329
01/09/2003,1537,91,0.844
01/09/2003,1537,182,1.359
25/08/2003,1536,91,0.843
25/08/2003,1536,182,1.519
18/08/2003,1535,91,1.036
18/08/2003,1535,182,1.997
11/08/2003,1534,91,1.364
11/08/2003,1534,182,2.345
04/08/2003,1533,91,1.48
04/08/2003,1533,182,2.6
28/07/2003,1532,91,1.522
28/07/2003,1532,182,2.891
21/07/2003,1604,91,1.542
21/07/2003,1605,182,3.015
14/07/2003,1602,91,1.547
14/07/2003,1603,182,3.068
07/07/2003,1600,91,1.537
07/07/2003,1601,182,2.82
30/06/2003,1598,91,1.763
30/06/2003,1599,182,2.894
23/06/2003,1596,91,2.027
23/06/2003,1597,182,3.425
16/06/2003,1594,91,2.524
16/06/2003,1595,182,3.925
09/06/2003,1592,91,3.854
09/06/2003,1593,182,4.788
02/06/2003,1590,91,4.823
02/06/2003,1591,182,5.547
26/05/2003,1588,91,5.399
26/05/2003,1589,182,6.299
19/05/2003,1586,91,5.782
19/05/2003,1587,182,6.696
12/05/2003,1584,91,6.008
12/05/2003,1585,182,6.807
05/05/2003,1582,91,6.184
05/05/2003,1583,182,6.906
28/04/2003,1580,91,6.336
28/04/2003,1581,182,6.938
21/04/2003,1578,91,6.324
21/04/2003,1579,182,6.985
14/04/2003,1576,91,6.264
14/04/2003,1577,182,6.833
07/04/2003,1574,91,6.091
07/04/2003,1575,182,6.571
31/03/2003,1572,91,5.796
31/03/2003,1573,182,6.366
24/03/2003,1570,91,5.816
24/03/2003,1571,182,6.499
17/03/2003,1568,91,6.115
17/03/2003,1569,182,6.505
10/03/2003,1566,91,6.481
10/03/2003,1567,182,6.715
03/03/2003,1564,91,6.989
03/03/2003,1565,182,7.106
24/02/2003,1562,91,7.402
24/02/2003,1563,182,7.532
17/02/2003,1560,91,7.623
17/02/2003,1561,182,8.029
10/02/2003,1558,91,7.921
10/02/2003,1559,182,8.349
03/02/2003,1556,91,8.149
03/02/2003,1557,182,8.643
27/01/2003,1554,91,8.291
27/01/2003,1555,182,8.7
20/01/2003,1552,91,8.352
20/01/2003,1553,182,8.713
13/01/2003,1550,91,8.415
13/01/2003,1551,182,8.75
06/01/2003,1548,91,8.478
06/01/2003,1549,182,8.75
30/12/2002,1546,91,8.419
30/12/2002,1547,182,8.75
23/12/2002,1544,91,8.373
23/12/2002,1545,182,8.715
16/12/2002,1542,91,8.393
16/12/2002,1543,182,8.722
09/12/2002,1540,91,8.365
09/12/2002,1541,182,8.857
02/12/2002,1538,91,8.338
02/12/2002,1539,182,8.885
25/11/2002,1536,91,8.283
25/11/2002,1537,182,8.827
18/11/2002,1534,91,8.245
18/11/2002,1535,182,8.715
11/11/2002,1532,91,8.303
11/11/2002,1533,182,8.742
04/11/2002,1530,91,8.363
04/11/2002,1531,182,8.75
28/10/2002,1528,91,8.409
28/10/2002,1529,182,8.75
21/10/2002,1526,91,8.281
21/10/2002,1527,182,8.578
14/10/2002,1524,91,8.036
14/10/2002,1525,182,8.494
07/10/2002,1522,91,7.535
07/10/2002,1523,182,8.353
30/09/2002,1520,91,7.265
30/09/2002,1521,182,8.32
23/09/2002,1518,91,7.241
23/09/2002,1519,182,8.324
16/09/2002,1516,91,7.575
16/09/2002,1517,182,8.443
09/09/2002,1514,91,7.848
09/09/2002,1515,182,8.852
02/09/2002,1512,91,8.075
02/09/2002,1513,182,9.163
26/08/2002,1510,91,8.293
26/08/2002,1511,182,9.49
19/08/2002,1508,91,8.322
19/08/2002,1509,182,9.5
12/08/2002,1506,91,8.315
12/08/2002,1507,182,9.468
05/08/2002,1504,91,8.428
05/08/2002,1505,182,9.495
29/07/2002,1502,91,8.611
29/07/2002,1503,182,9.503
22/07/2002,1500,91,8.74
22/07/2002,1501,182,9.395
15/07/2002,1498,91,8.779
15/07/2002,1499,182,9.41
08/07/2002,1496,91,8.732
08/07/2002,1497,182,9.377
01/07/2002,1494,91,8.306
01/07/2002,1495,182,9.127
24/06/2002,1492,91,7.498
24/06/2002,1493,182,8.859
17/06/2002,1490,91,7.006
17/06/2002,1491,182,8.632
10/06/2002,1488,91,7.132
10/06/2002,1489,182,8.651
03/06/2002,1486,91,7.716
03/06/2002,1487,182,9.07
27/05/2002,1484,91,8.329
27/05/2002,1485,182,9.499
20/05/2002,1482,91,8.868
20/05/2002,1483,182,9.891
13/05/2002,1480,91,9.315
13/05/2002,1481,182,10.18
06/05/2002,1478,91,9.647
06/05/2002,1479,182,10.347
29/04/2002,1476,91,9.818
29/04/2002,1477,182,10.419
22/04/2002,1474,91,9.982
22/04/2002,1475,182,10.471
15/04/2002,1472,91,10.078
15/04/2002,1473,182,10.511
08/04/2002,1470,91,10.097
08/04/2002,1471,182,10.524
01/04/2002,1468,91,10.075
01/04/2002,1469,182,10.447
25/03/2002,1466,91,10.045
25/03/2002,1467,182,10.423
18/03/2002,1464,91,10.051
18/03/2002,1465,182,10.516
11/03/2002,1462,91,10.147
11/03/2002,1463,182,10.645
04/03/2002,1460,91,10.333
04/03/2002,1461,182,10.803
25/02/2002,1458,91,10.469
25/02/2002,1459,182,10.995
18/02/2002,1457,91,10.565
18/02/2002,1457,182,11.242
11/02/2002,1456,91,10.67
04/02/2002,1455,91,10.74
28/01/2002,1454,91,10.805
21/01/2002,1453,91,10.836
14/01/2002,1452,91,10.881
07/01/2002,1451,91,10.897
31/12/2001,1450,91,10.854
24/12/2001,1449,91,10.81
17/12/2001,1448,91,10.982
10/12/2001,1447,91,11.135
03/12/2001,1446,91,11.281
26/11/2001,1445,91,11.447
19/11/2001,1444,91,11.516
12/11/2001,1443,91,11.52
05/11/2001,1442,91,11.507
29/10/2001,1441,91,11.504
22/10/2001,1440,91,11.446
15/10/2001,1439,91,11.509
08/10/2001,1438,91,11.703
01/10/2001,1437,91,11.981
24/09/2001,1436,91,12.141
17/09/2001,1435,91,12.281
10/09/2001,1434,91,12.49
03/09/2001,1433,91,12.661
27/08/2001,1432,91,12.777
20/08/2001,1431,91,12.802
13/08/2001,1430,91,12.839
06/08/2001,1429,91,12.937
30/07/2001,1428,91,12.944
23/07/2001,1427,91,12.937
16/07/2001,1426,91,12.898
09/07/2001,1425,91,12.803
02/07/2001,1424,91,12.784
25/06/2001,1423,91,12.433
18/06/2001,1422,91,12.293
11/06/2001,1421,91,11.993
04/06/2001,1420,91,11.559
28/05/2001,1419,91,10.342
21/05/2001,1418,91,10.059
14/05/2001,1417,91,10.514
07/05/2001,1416,91,11.152
30/04/2001,1415,91,11.799
23/04/2001,1414,91,12.397
16/04/2001,1413,91,12.954
09/04/2001,1412,91,13.426
02/04/2001,1411,91,13.92
26/03/2001,1410,91,14.418
19/03/2001,1409,91,14.802
12/03/2001,1408,91,15.288
05/03/2001,1407,91,15.379
26/02/2001,1406,91,15.401
19/02/2001,1405,91,15.319
12/02/2001,1404,91,15.261
05/02/2001,1403,91,15.208
29/01/2001,1402,91,15.122
22/01/2001,1401,91,14.987
15/01/2001,1400,91,14.872
08/01/2001,1399,91,14.64
01/01/2001,1398,91,14.157
25/12/2000,1397,91,13.474
18/12/2000,1396,91,12.96
11/12/2000,1395,91,12.763
04/12/2000,1394,91,12.407
27/11/2000,1393,91,11.796
20/11/2000,1392,91,11.118
13/11/2000,1391,91,10.931
06/11/2000,1390,91,10.824
30/10/2000,1389,91,10.806
23/10/2000,1388,91,10.729
16/10/2000,1387,91,10.616
09/10/2000,1386,91,10.547
02/10/2000,1385,91,10.57
25/09/2000,1384,91,10.588
18/09/2000,1383,91,10.367
11/09/2000,1382,91,10.337
04/09/2000,1381,91,10.149
28/08/2000,1380,91,9.7
21/08/2000,1379,91,9.099
14/08/2000,1378,91,8.96
07/08/2000,1377,91,9.222
31/07/2000,1376,91,9.523
24/07/2000,1375,91,9.817
17/07/2000,1374,91,10.003
10/07/2000,1373,91,10.118
03/07/2000,1372,91,10.061
26/06/2000,1371,91,10.005
19/06/2000,1370,91,10.279
12/06/2000,1369,91,10.614
05/06/2000,1368,91,10.998
29/05/2000,1367,91,11.16
22/05/2000,1366,91,11.055
15/05/2000,1365,91,11.014
08/05/2000,1364,91,11.276
01/05/2000,1363,91,11.606
24/04/2000,1362,91,12.089
17/04/2000,1361,91,12.534
10/04/2000,1360,91,12.76
03/04/2000,1359,91,12.386
27/03/2000,1358,91,11.902
20/03/2000,1357,91,11.357
13/03/2000,1356,91,10.911
06/03/2000,1355,91,10.943
28/02/2000,1354,91,12.271
21/02/2000,1353,91,14.128
14/02/2000,1352,91,15.706
07/02/2000,1351,91,17.271
31/01/2000,1350,91,18.92
24/01/2000,1349,91,19.998
17/01/2000,1348,91,20.65
10/01/2000,1347,91,20.969
03/01/2000,1346,91,20.938
27/12/1999,1345,91,20.467
20/12/1999,1344,91,20.086
13/12/1999,1343,91,19.784
06/12/1999,1342,91,19.561
29/11/1999,1341,91,18.691
22/11/1999,1340,91,18.312
15/11/1999,1339,91,18.092
08/11/1999,1338,91,17.84
01/11/1999,1337,91,17.742
25/10/1999,1336,91,17.793
18/10/1999,1335,91,17.716
11/10/1999,1334,91,17.622
04/10/1999,1333,91,17.379
27/09/1999,1332,91,16.737
20/09/1999,1331,91,15.908
13/09/1999,1330,91,15.299
06/09/1999,1329,91,15.166
30/08/1999,1328,91,14.935
23/08/1999,1327,91,14.9
16/08/1999,1326,91,14.881
09/08/1999,1325,91,14.787
02/08/1999,1324,91,14.709
26/07/1999,1323,91,14.806
19/07/1999,1322,91,14.683
12/07/1999,1321,91,14.373
05/07/1999,1320,91,14.025
28/06/1999,1319,91,13.404
21/06/1999,1318,91,12.264
14/06/1999,1317,91,10.324
07/06/1999,1316,91,9.777
31/05/1999,1315,91,9.585
24/05/1999,1314,91,9.669
17/05/1999,1313,91,9.753
10/05/1999,1312,91,9.667
03/05/1999,1311,91,9.457
26/04/1999,1310,91,9.274
19/04/1999,1309,91,9.058
12/04/1999,1308,91,8.808
05/04/1999,1307,91,8.973
29/03/1999,1306,91,9.239
22/03/1999,1305,91,9.453
15/03/1999,1304,91,9.069
08/03/1999,1303,91,8.61
01/03/1999,1302,91,7.853
22/02/1999,1301,91,7.965
15/02/1999,1300,91,8.594
08/02/1999,1299,91,9.242
01/02/1999,1298,91,9.999
25/01/1999,1297,91,10.594
18/01/1999,1296,91,10.775
11/01/1999,1295,91,10.737
04/01/1999,1294,91,10.706
28/12/1998,1293,91,11.068
21/12/1998,1292,91,11.882
14/12/1998,1291,91,12.959
07/12/1998,1290,91,14.349
30/11/1998,1289,91,15.786
23/11/1998,1288,91,16.896
16/11/1998,1287,91,17.765
09/11/1998,1286,91,18.6
02/11/1998,1285,91,19.265
26/10/1998,1284,91,19.816
19/10/1998,1283,91,20.244
12/10/1998,1282,91,20.878
05/10/1998,1281,91,21.408
28/09/1998,1280,91,21.996
21/09/1998,1279,91,22.355
14/09/1998,1278,91,22.612
07/09/1998,1277,91,22.933
31/08/1998,1276,91,23.196
24/08/1998,1275,91,23.549
17/08/1998,1274,91,23.796
10/08/1998,1273,91,23.988
03/08/1998,1272,91,24.174
27/07/1998,1271,91,24.453
20/07/1998,1270,91,24.575
13/07/1998,1269,91,24.744
06/07/1998,1268,91,24.916
29/06/1998,1267,91,25.116
22/06/1998,1266,91,25.402
15/06/1998,1265,91,25.424
08/06/1998,1264,91,25.698
01/06/1998,1263,91,25.736
25/05/1998,1262,91,25.995
18/05/1998,1261,91,26.279
11/05/1998,1260,91,26.477
04/05/1998,1259,91,26.773
27/04/1998,1258,91,26.962
20/04/1998,1257,91,26.992
13/04/1998,1256,91,26.99
06/04/1998,1255,91,26.98
30/03/1998,1254,91,26.903
23/03/1998,1253,91,26.893
16/03/1998,1252,91,26.77
09/03/1998,1251,91,26.606
02/03/1998,1250,91,26.507
23/02/1998,1249,91,26.407
16/02/1998,1248,91,26.345
09/02/1998,1247,91,26.301
02/02/1998,1246,91,26.252
26/01/1998,1245,91,26.277
19/01/1998,1244,91,26.269
12/01/1998,1243,91,26.31
05/01/1998,1242,91,26.273
29/12/1997,1241,91,26.273
22/12/1997,1240,91,26.386
15/12/1997,1239,91,26.343
08/12/1997,1238,91,26.363
01/12/1997,1237,91,26.48
24/11/1997,1236,91,26.505
17/11/1997,1235,91,26.63
10/11/1997,1234,91,26.845
03/11/1997,1233,91,27.147
27/10/1997,1232,91,27.204
20/10/1997,1231,91,27.142
13/10/1997,1230,91,27.089
06/10/1997,1229,91,27.154
29/09/1997,1228,91,27.162
22/09/1997,1227,91,26.761
15/09/1997,1226,91,26.104
08/09/1997,1225,91,25.686
01/09/1997,1224,91,25.263
25/08/1997,1223,91,23.576
18/08/1997,1222,91,18.783
11/08/1997,1221,91,18.199
04/08/1997,1220,91,18.22
28/07/1997,1219,91,18.269
21/07/1997,1218,91,18.338
14/07/1997,1217,91,18.471
07/07/1997,1216,91,18.72
30/06/1997,1215,91,18.961
23/06/1997,1214,91,19.246
16/06/1997,1213,91,19.422
09/06/1997,1212,91,19.677
03/06/1997,1211,91,19.904
26/05/1997,1210,91,20.149
19/05/1997,1209,91,20.298
12/05/1997,1208,91,20.398
05/05/1997,1207,91,20.56
28/04/1997,1206,91,20.786
21/04/1997,1205,91,20.9
14/04/1997,1204,91,20.991
07/04/1997,1203,91,21.179
01/04/1997,1202,91,21.256
24/03/1997,1201,91,21.363
17/03/1997,1200,91,21.404
10/03/1997,1199,91,21.45
03/03/1997,1198,91,21.465
24/02/1997,1197,91,21.546
17/02/1997,1196,91,21.55
10/02/1997,1195,91,21.447
03/02/1997,1194,91,21.202
27/01/1997,1193,91,21.625
20/01/1997,1192,91,21.633
13/01/1997,1191,91,21.575
06/01/1997,1190,91,21.604
