"0","knitr::opts_chunk$set(echo = TRUE, warning = FALSE, message = FALSE)"
"0",""
"0","if(!require(pacman)){"
"0","    install.packages(""pacman"")"
"0","    library(pacman)"
"0","}"
"0",""
"0","pacman::p_load(tidyverse, kableExtra, janitor, "
"0","               readxl, skimr, tidyquant,"
"0","               stargazer)"
"0",""
"0","formatting_function <- function(data, booktabs = TRUE, caption = ""My Table"", full_width = FALSE){"
"0","    "
"0","    data %>% "
"0","        "
"0","        kbl(booktabs = booktabs, caption = caption) %>% "
"0","        "
"0","        kable_classic(full_width = full_width, latex_options = ""hold_position"")"
"0","}"
