"0","tribble(~ Variable, ~ Description,"
"0","        ""Beach_id"", ""Identification number for every beach."","
"0","        ""Region"", ""Region here the beaches are located."", "
"0","        ""Council"", ""Local governing counci.l"", "
"0","        ""Site"", ""The monitored sites."", "
"0","        ""Longitude"", ""The sample collection site latitude."","
"0","        ""Latitude"", ""The sample collection site longitide."", "
"0","        ""Date"", ""Date of sample collection."","
"0","        ""Enterococci (cfu/100ml)"", ""Enterococci concentration measured as units per 100 mL of sample (cfu/100 mL)"", "
"0","        ""Month"", ""Month of the Year, January through December"","
"0","        ""Day of Week"", ""Day of the Week, like Monday, Tuesday, and so on."") %>% "
"0","    formatting_function(caption = ""Variables Description"")"
