"0","my_median <- function(x){median(x, na.rm = TRUE)}"
"0","lagoon_data %>% "
"0","    mutate(month = factor(month)) %>% "
"0","    mutate(month = fct_reorder(month, enterococci_cfu_100ml, my_median)) %>% "
"0","    "
"0","    ggplot(mapping = aes(x = month, "
"0","                         y = enterococci_cfu_100ml,"
"0","                         col = month)) + "
"0","    geom_boxplot(show.legend = FALSE) + "
"0","    theme_minimal() + "
"0","    scale_y_log10() + "
"0","    coord_flip() + "
"0","    labs(x = """", y = ""Enterococci Concentration per 100ml"")"
