{"chunk_definitions":[{"row":34,"row_count":1,"visible":true,"expansion_state":0,"options":{"engine":"r","label":"setup","include":false},"document_id":"86943E00","chunk_id":"csetup_chunk","chunk_label":"setup"},{"row":79,"row_count":1,"visible":true,"expansion_state":0,"options":{"engine":"r","echo":false,"label":"unnamed-chunk-8"},"document_id":"86943E00","chunk_id":"cxhhqghgahlts","chunk_label":"unnamed-chunk-1"},{"row":86,"row_count":1,"visible":true,"expansion_state":0,"options":{"engine":"r","label":"unnamed-chunk-12"},"document_id":"86943E00","chunk_id":"clnys1eoou75b","chunk_label":"unnamed-chunk-2"},{"row":108,"row_count":1,"visible":true,"expansion_state":0,"options":{"engine":"r","label":"unnamed-chunk-23"},"document_id":"86943E00","chunk_id":"cz8qedkdm3znf","chunk_label":"unnamed-chunk-3"},{"row":119,"row_count":1,"visible":true,"expansion_state":0,"options":{"engine":"r","label":"unnamed-chunk-26"},"document_id":"86943E00","chunk_id":"cwaoeupon7w8t","chunk_label":"unnamed-chunk-4"},{"row":142,"row_count":1,"visible":true,"expansion_state":0,"options":{"engine":"r","label":"unnamed-chunk-29"},"document_id":"86943E00","chunk_id":"c4hi93yzqqflf","chunk_label":"unnamed-chunk-5"},{"row":173,"row_count":1,"visible":true,"expansion_state":0,"options":{"engine":"r","label":"unnamed-chunk-39"},"document_id":"86943E00","chunk_id":"cfybk2vdprwvl","chunk_label":"unnamed-chunk-6"}],"doc_write_time":1666623283,"working_dir":null,"default_chunk_options":{"echo":true,"warning":false,"message":false},"chunk_rendered_width":597}