"0","# Maths score and test preparation ----"
"0","(exams %>% "
"0","  ggplot(aes(x = test_preparation_course,"
"0","             y = math_score,"
"0","             color = test_preparation_course)) + "
"0","  geom_boxplot() + "
"0","  theme(legend.position = ""top"","
"0","        legend.title = element_blank()) + "
"0","  labs(x = ""Test Preparation"", y = ""Math Score"","
"0","       title = ""Test Preparation vs Math Score"") + "
"0",""
"0","## Distribution of maths score. "
"0","exams %>% "
"0","  ggplot(aes(x = math_score, "
"0","             fill = test_preparation_course)) + "
"0","  geom_density(alpha = 0.5) + "
"0","  theme(legend.position = ""top"","
"0","        legend.title = element_blank()) + "
"0","  labs(x = ""Math Score"","
"0","       y = """","
"0","       title = ""Distribution of Math Scores for\n People that Completed and\n Did not Complete Test Prep Course"")"
"0","  "
"0","  )"
