"0","## Math scores and parent level of education ----"
"0","exams %>% "
"0","  ggplot(aes(x = parental_level_of_education,"
"0","             color = parental_level_of_education,"
"0","             y = math_score)) + "
"0","  geom_violin() + "
"0","  geom_jitter() + "
"0","  labs(x = ""Parental Level of Education"","
"0","       y = ""Maths Score"","
"0","       title = ""Maths Score vs Parents Level of Education"") + "
"0","  theme(legend.title = element_blank(),"
"0","        legend.position = ""top"") + "
"0","  coord_flip()"
