"0","knitr::opts_chunk$set(echo = TRUE, warning = FALSE, message = FALSE)"
"0",""
"0","## Load packages manager----"
"0","if(!require(pacman)){"
"0","  install.packages(""pacman"")"
"0","}"
"2","Loading required package: pacman
"
"0","## Load the packages ---"
"0","p_load(tidyverse, janitor, naniar, rio, gt, skimr,"
"0","       doParallel, patchwork, ggside, performance,"
"0","       ggridges, readxl)"
"0",""
"0",""
"0","## Load themes for plots ----"
"0","p_load_gh('datarootsio/artyfarty')"
"0",""
"0","## Set the options  ---"
"0","options(digits = 3)"
"0","options(scipen = 999)"
"0","theme_set(theme_bain())"
"0",""
"0","## Hasten code execution by parallel computing ----"
"0","all_cores <- parallel::detectCores(logical = FALSE)"
"0","cl <- makeCluster(all_cores)"
"0","registerDoParallel(cl)"
"0",""
"0",""
