{
    "sources": [
        {
            "author": [
                {
                    "family": "Kruschke",
                    "given": "John"
                }
            ],
            "id": "kruschke2014doing",
            "issued": {
                "date-parts": [
                    [
                        2014
                    ]
                ]
            },
            "publisher": "Academic Press",
            "title": "Doing bayesian data analysis: A tutorial with r, JAGS, and stan",
            "title-short": "Doing bayesian data analysis",
            "type": "book"
        },
        {
            "author": [
                {
                    "family": "McKnight",
                    "given": "Patrick E"
                },
                {
                    "family": "Najab",
                    "given": "Julius"
                }
            ],
            "container-title": "The Corsini encyclopedia of psychology",
            "id": "mcknight2010mann",
            "issued": {
                "date-parts": [
                    [
                        2010
                    ]
                ]
            },
            "page": "1-1",
            "publisher": "Wiley Online Library",
            "title": "Mann-whitney u test",
            "type": "article-journal"
        },
        {
            "author": [
                {
                    "family": "Moser",
                    "given": "Barry K"
                },
                {
                    "family": "Stevens",
                    "given": "Gary R"
                }
            ],
            "container-title": "The American Statistician",
            "id": "moser1992homogeneity",
            "issue": "1",
            "issued": {
                "date-parts": [
                    [
                        1992
                    ]
                ]
            },
            "page": "19-21",
            "publisher": "Taylor & Francis",
            "title": "Homogeneity of variance in the two-sample means test",
            "type": "article-journal",
            "volume": "46"
        },
        {
            "author": [
                {
                    "family": "Razali",
                    "given": "Nornadiah Mohd"
                },
                {
                    "family": "Wah",
                    "given": "Yap Bee"
                },
                {
                    "literal": "others"
                }
            ],
            "container-title": "Journal of statistical modeling and analytics",
            "id": "razali2011power",
            "issue": "1",
            "issued": {
                "date-parts": [
                    [
                        2011
                    ]
                ]
            },
            "page": "21-33",
            "title": "Power comparisons of shapiro-wilk, kolmogorov-smirnov, lilliefors and anderson-darling tests",
            "type": "article-journal",
            "volume": "2"
        }
    ],
    "project_biblios": []
}